categoria,assembly_description,fecha,m3,es_vinculado,ei_fecha_ejecucion,id,id_elemento_origen,ei_zona,modelo_origen,ei_subcontratista,ml,assembly_code,cantidad_total,m2,unidad,ei_semana,ejecutado,ei_planificacion_obra,nombre
Piezas,[M3] C / F3 / OC / DEMSUP / Demolición Vigas de Borde Losa Existente,,1.1970000000000001,False,,1445734,1445734,FRENTE_3,MPZ_CI_B06640_desenlazado,RYR DEMOLICIONES,0.0,1.2.6.1.3.1,1.1970000000000001,0.0,m3,Semana 01,False,General,Pieza
Piezas,[M3] C / F3 / OC / DEMSUP / Demolición Vigas de Borde Losa Existente,01-10-2026,1.1940000000000000,False,01-10-2026,1445746,1445746,FRENTE_3,MPZ_CI_B06640_desenlazado,RYR DEMOLICIONES,0.0,1.2.6.1.3.1,1.1940000000000000,0.0,m3,6,True,EJECUTADO,Pieza
Piezas,[M3] C / F3 / OC / DEMSUP / Demolición Vigas de Borde Losa Existente,,0.83199999999999996,False,,1446925,1446925,FRENTE_3,MPZ_CI_B06640_desenlazado,RYR DEMOLICIONES,0.0,1.2.6.1.3.1,0.83199999999999996,0.0,m3,Semana 01,False,General,Pieza
Piezas,[M3] C / F3 / OC / DEMSUP / Demolición Vigas de Borde Losa Existente,,1.246,False,,1448014,1448014,FRENTE_3,MPZ_CI_B06640_desenlazado,RYR DEMOLICIONES,0.0,1.2.6.1.3.1,1.246,0.0,m3,Semana 01,False,General,Pieza
Piezas,[M3] C / F3 / OC / DEMSUP / Demolición Vigas de Borde Losa Existente,,1.2470000000000001,False,,1448323,1448323,FRENTE_3,MPZ_CI_B06640_desenlazado,RYR DEMOLICIONES,0.0,1.2.6.1.3.1,1.2470000000000001,0.0,m3,Semana 01,False,General,Pieza
Piezas,[M3] C / F3 / OC / DEMSUP / Demolición Vigas de Borde Losa Existente,,1.2330000000000001,False,,1448642,1448642,FRENTE_3,MPZ_CI_B06640_desenlazado,RYR DEMOLICIONES,0.0,1.2.6.1.3.1,1.2330000000000001,0.0,m3,Semana 01,False,General,Pieza
Piezas,[M3] C / F3 / OC / DEMSUP / Demolición Vigas de Borde Losa Existente,,1.2280000000000000,False,,1449130,1449130,FRENTE_3,MPZ_CI_B06640_desenlazado,RYR DEMOLICIONES,0.0,1.2.6.1.3.1,1.2280000000000000,0.0,m3,Semana 01,False,General,Pieza
Piezas,[M3] C / F3 / OC / DEMSUP / Demolición Vigas de Borde Losa Existente,,1.1910000000000001,False,,1449415,1449415,FRENTE_3,MPZ_CI_B06640_desenlazado,RYR DEMOLICIONES,0.0,1.2.6.1.3.1,1.1910000000000001,0.0,m3,Semana 01,False,General,Pieza
Piezas,[M3] C / F3 / OC / DEMSUP / Demolición Vigas de Borde Losa Existente,,1.1670000000000000,False,,1449597,1449597,FRENTE_3,MPZ_CI_B06640_desenlazado,RYR DEMOLICIONES,0.0,1.2.6.1.3.1,1.1670000000000000,0.0,m3,Semana 01,False,General,Pieza
Piezas,[M3] C / F3 / OC / DEMSUP / Demolición Vigas de Borde Losa Existente,,1.1770000000000000,False,,1449630,1449630,FRENTE_3,MPZ_CI_B06640_desenlazado,RYR DEMOLICIONES,0.0,1.2.6.1.3.1,1.1770000000000000,0.0,m3,Semana 01,False,General,Pieza
Piezas,[M3] C / F3 / OC / DEMSUP / Demolición Vigas de Borde Losa Existente,,1.3830000000000000,False,,1450020,1450020,FRENTE_3,MPZ_CI_B06640_desenlazado,RYR DEMOLICIONES,0.0,1.2.6.1.3.1,1.3830000000000000,0.0,m3,Semana 01,False,General,Pieza
Piezas,[M3] C / F3 / OC / DEMSUP / Demolición Vigas de Borde Losa Existente,,0.113,False,,1451233,1451233,FRENTE_3,MPZ_CI_B06640_desenlazado,RYR DEMOLICIONES,0.0,1.2.6.1.3.1,0.113,0.0,m3,Semana 01,False,General,Pieza
Piezas,[M3] C / F3 / OC / DEMSUP / Demolición Vigas de Borde Losa Existente,,0.112,False,,1451259,1451259,FRENTE_3,MPZ_CI_B06640_desenlazado,RYR DEMOLICIONES,0.0,1.2.6.1.3.1,0.112,0.0,m3,Semana 01,False,General,Pieza
Piezas,[M3] C / F3 / OC / DEMSUP / Demolición Vigas de Borde Losa Existente,,0.11700000000000001,False,,1451275,1451275,FRENTE_3,MPZ_CI_B06640_desenlazado,RYR DEMOLICIONES,0.0,1.2.6.1.3.1,0.11700000000000001,0.0,m3,Semana 01,False,General,Pieza
Piezas,[M3] C / F3 / OC / DEMSUP / Demolición Vigas de Borde Losa Existente,,0.113,False,,1612806,1612806,FRENTE_3,MPZ_CI_B06640_desenlazado,RYR DEMOLICIONES,0.0,1.2.6.1.3.1,0.113,0.0,m3,Semana 01,False,General,Pieza
Piezas,[M3] C / F3 / OC / DEMSUP / Demolición Vigas de Borde Losa Existente,,0.113,False,,1612807,1612807,FRENTE_3,MPZ_CI_B06640_desenlazado,RYR DEMOLICIONES,0.0,1.2.6.1.3.1,0.113,0.0,m3,Semana 01,False,General,Pieza
Piezas,[M3] C / F3 / OC / DEMSUP / Demolición Vigas de Borde Losa Existente,,0.112,False,,1612808,1612808,FRENTE_3,MPZ_CI_B06640_desenlazado,RYR DEMOLICIONES,0.0,1.2.6.1.3.1,0.112,0.0,m3,Semana 01,False,General,Pieza
Piezas,[M3] C / F3 / OC / DEMSUP / Demolición Vigas de Borde Losa Existente,,0.112,False,,1612809,1612809,FRENTE_3,MPZ_CI_B06640_desenlazado,RYR DEMOLICIONES,0.0,1.2.6.1.3.1,0.112,0.0,m3,Semana 01,False,General,Pieza
Piezas,[M3] C / F3 / OC / DEMSUP / Demolición Vigas de Borde Losa Existente,,0.111,False,,1612810,1612810,FRENTE_3,MPZ_CI_B06640_desenlazado,RYR DEMOLICIONES,0.0,1.2.6.1.3.1,0.111,0.0,m3,Semana 01,False,General,Pieza
Piezas,[M2] C / F2 / OC / DEMSUB / Demolición Muros y Losa,,0.74199999999999999,False,,1621995,1621995,General,MPZ_CI_B06640_desenlazado,RYR DEMOLICIONES,0.0,1.2.5.1.3.4,0.74199999999999999,0.0,m2,Semana 01,False,General,Pieza
Piezas,[M3] C / F3 / OC / DEMSUP / Demolición Vigas de Borde Losa Existente,,0.11700000000000001,False,,1649927,1649927,FRENTE_3,MPZ_CI_B06640_desenlazado,RYR DEMOLICIONES,0.0,1.2.6.1.3.1,0.11700000000000001,0.0,m3,Semana 01,False,General,Pieza
Piezas,[M3] C / F3 / OC / DEMSUP / Demolición Vigas de Borde Losa Existente,,0.22600000000000001,False,,1649952,1649952,FRENTE_3,MPZ_CI_B06640_desenlazado,RYR DEMOLICIONES,0.0,1.2.6.1.3.1,0.22600000000000001,0.0,m3,Semana 01,False,General,Pieza
Piezas,[M3] C / F3 / OC / DEMSUP / Demolición Vigas de Borde Losa Existente,,0.48399999999999999,False,,1650055,1650055,FRENTE_3,MPZ_CI_B06640_desenlazado,RYR DEMOLICIONES,0.0,1.2.6.1.3.1,0.48399999999999999,0.0,m3,Semana 01,False,General,Pieza
Piezas,[M3] C / F3 / OC / DEMSUP / Demolición Vigas de Borde Losa Existente,,0.746,False,,3258236,3258236,FRENTE_3,MPZ_CI_B06640_desenlazado,RYR DEMOLICIONES,0.0,1.2.6.1.3.1,0.746,0.0,m3,Semana 01,False,General,Pieza
Piezas,[M3] C / F3 / OC / DEMSUP / Demolición Vigas de Borde Losa Existente,,1.5280000000000000,False,,3259100,3259100,FRENTE_3,MPZ_CI_B06640_desenlazado,RYR DEMOLICIONES,0.0,1.2.6.1.3.1,1.5280000000000000,0.0,m3,Semana 01,False,General,Pieza
Piezas,[M3] C / F3 / OC / DEMSUP / Demolición Vigas de Borde Losa Existente,,0.108,False,,3259123,3259123,FRENTE_3,MPZ_CI_B06640_desenlazado,RYR DEMOLICIONES,0.0,1.2.6.1.3.1,0.108,0.0,m3,Semana 01,False,General,Pieza
Piezas,[M2] C / F2 / OC / DEMSUB / Demolición Rampa,,0.251,False,,3260434,3260434,FRENTE_2,MPZ_CI_B06640_desenlazado,RYR DEMOLICIONES,0.0,1.2.5.1.3.5,1.3950000000000000,1.3950000000000000,m2,Semana 01,False,General,Pieza
Piezas,[M2] C / F2 / OC / DEMSUB / Demolición Rampa,,1.3650000000000000,False,,3260790,3260790,FRENTE_2,MPZ_CI_B06640_desenlazado,RYR DEMOLICIONES,0.0,1.2.5.1.3.5,7.5839999999999996,7.5839999999999996,m2,Semana 01,False,General,Pieza
Piezas,[M2] C / F3 / OC / DEMSUP / Demolición de Losas Existentes para Escaleras,,4.3550000000000004,False,,3260916,3260916,FRENTE_3,MPZ_CI_B06640_desenlazado,RYR DEMOLICIONES,0.0,1.2.6.1.3.3,21.774999999999999,21.774999999999999,m2,Semana 01,False,General,Pieza
Piezas,[M2] C / F2 / OC / DEMSUB / Demoliciones Losa de Fundación F4,07-09-2026,3.6749999999999998,False,07-09-2026,3269446,3269446,FRENTE_2,MPZ_CI_B06640_desenlazado,RYR DEMOLICIONES,0.0,1.2.5.1.3.3,12.25,12.25,m2,3,True,EJECUTADO,Pieza
Piezas,[M2] C / F2 / OC / DEMSUB / Demoliciones Losa de Fundación F4,07-09-2026,3.6749999999999998,False,07-09-2026,3270032,3270032,FRENTE_2,MPZ_CI_B06640_desenlazado,RYR DEMOLICIONES,0.0,1.2.5.1.3.3,12.25,12.25,m2,3,True,EJECUTADO,Pieza
Piezas,[M2] C / F2 / OC / DEMSUB / Demoliciones Losa de Fundación F4,07-09-2026,3.6749999999999998,False,07-09-2026,3270033,3270033,FRENTE_2,MPZ_CI_B06640_desenlazado,RYR DEMOLICIONES,0.0,1.2.5.1.3.3,12.25,12.25,m2,3,True,EJECUTADO,Pieza
Piezas,[M2] C / F2 / OC / DEMSUB / Demoliciones Losa de Fundación F4,07-09-2026,3.6749999999999998,False,07-09-2026,3270034,3270034,FRENTE_2,MPZ_CI_B06640_desenlazado,RYR DEMOLICIONES,0.0,1.2.5.1.3.3,12.25,12.25,m2,3,True,EJECUTADO,Pieza
Piezas,[M2] C / F2 / OC / DEMSUB / Demoliciones Losa de Fundación F4,07-09-2026,3.6749999999999998,False,07-09-2026,3270035,3270035,FRENTE_2,MPZ_CI_B06640_desenlazado,RYR DEMOLICIONES,0.0,1.2.5.1.3.3,12.25,12.25,m2,3,True,EJECUTADO,Pieza
Piezas,[M2] C / F2 / OC / DEMSUB / Demoliciones Losa de Fundación F4,14-07-2026,3.6749999999999998,False,14-07-2026,3270036,3270036,FRENTE_2,MPZ_CI_B06640_desenlazado,RYR DEMOLICIONES,0.0,1.2.5.1.3.3,12.25,12.25,m2,4,True,EJECUTADO,Pieza
Piezas,[M2] C / F2 / OC / DEMSUB / Demoliciones Losa de Fundación F4,14-07-2026,3.6749999999999998,False,14-07-2026,3270165,3270165,FRENTE_2,MPZ_CI_B06640_desenlazado,RYR DEMOLICIONES,0.0,1.2.5.1.3.3,12.25,12.25,m2,4,True,EJECUTADO,Pieza
Piezas,[M2] C / F2 / OC / DEMSUB / Demoliciones Losa de Fundación F1,,1.875,False,,3270410,3270410,FRENTE_2,MPZ_CI_B06640_desenlazado,RYR DEMOLICIONES,0.0,1.2.5.1.2.3,6.25,6.25,m2,Semana 01,False,General,Pieza
Piezas,[M2] C / F2 / OC / DEMSUB / Demoliciones Losa de Fundación F1,,1.875,False,,3270411,3270411,FRENTE_2,MPZ_CI_B06640_desenlazado,RYR DEMOLICIONES,0.0,1.2.5.1.2.3,6.25,6.25,m2,Semana 01,False,General,Pieza
Piezas,[M2] C / F2 / OC / DEMSUB / Demoliciones Losa de Fundación F1,,1.875,False,,3270412,3270412,FRENTE_2,MPZ_CI_B06640_desenlazado,RYR DEMOLICIONES,0.0,1.2.5.1.2.3,6.25,6.25,m2,Semana 01,False,General,Pieza
Piezas,[M2] C / F2 / OC / DEMSUB / Demoliciones Losa de Fundación F1,,1.875,False,,3270413,3270413,FRENTE_2,MPZ_CI_B06640_desenlazado,RYR DEMOLICIONES,0.0,1.2.5.1.2.3,6.25,6.25,m2,Semana 01,False,General,Pieza
Piezas,[M2] C / F2 / OC / DEMSUB / Demolición Muros y Losa,,4.6810000000000000,False,,3272617,3272617,General,MPZ_CI_B06640_desenlazado,RYR DEMOLICIONES,52.009000000000000,1.2.5.1.3.4,23.404000000000000,23.404000000000000,m2,Semana 01,False,General,Pieza
Piezas,[M2] C / F2 / OC / DEMSUB / Demolición Muros y Losa,,0.435,False,,3272705,3272705,General,MPZ_CI_B06640_desenlazado,RYR DEMOLICIONES,4.8339999999999996,1.2.5.1.3.4,2.1760000000000002,2.1760000000000002,m2,Semana 01,False,General,Pieza
Piezas,[M2] C / F2 / OC / DEMSUB / Demolición Muros y Losa,,1.3700000000000001,False,,3273809,3273809,General,MPZ_CI_B06640_desenlazado,RYR DEMOLICIONES,0.0,1.2.5.1.3.4,1.3700000000000001,0.0,m2,Semana 01,False,General,Pieza
Piezas,[M2] C / F2 / OC / DEMSUB / Demolición Muros y Losa,,0.10100000000000001,False,,3273909,3273909,General,MPZ_CI_B06640_desenlazado,RYR DEMOLICIONES,0.0,1.2.5.1.3.4,0.10100000000000001,0.0,m2,Semana 01,False,General,Pieza
Piezas,[M2] C / F2 / OC / DEMSUB / Demolición Muros y Losa,,0.56999999999999995,False,,3273953,3273953,General,MPZ_CI_B06640_desenlazado,RYR DEMOLICIONES,0.0,1.2.5.1.3.4,0.56999999999999995,0.0,m2,Semana 01,False,General,Pieza
Piezas,[M2] C / F2 / OC / DEMSUB / Demolición Muros y Losa,,0.10100000000000001,False,,3274274,3274274,General,MPZ_CI_B06640_desenlazado,RYR DEMOLICIONES,0.0,1.2.5.1.3.4,0.10100000000000001,0.0,m2,Semana 01,False,General,Pieza
Piezas,[M3] C / F3 / OC / DEMSUP / Demolición Vigas de Borde Losa Existente,,0.108,False,,3278607,3278607,FRENTE_3,MPZ_CI_B06640_desenlazado,RYR DEMOLICIONES,0.0,1.2.6.1.3.1,0.108,0.0,m3,Semana 01,False,General,Pieza
Piezas,[M3] C / F3 / OC / DEMSUP / Demolición Vigas de Borde Losa Existente,,0.35199999999999998,False,,3280742,3280742,FRENTE_3,MPZ_CI_B06640_desenlazado,RYR DEMOLICIONES,0.0,1.2.6.1.3.1,0.35199999999999998,0.0,m3,Semana 01,False,General,Pieza
Piezas,[M3] C / F3 / OC / DEMSUP / Demolición Vigas de Borde Losa Existente,,0.63700000000000001,False,,3282094,3282094,FRENTE_3,MPZ_CI_B06640_desenlazado,RYR DEMOLICIONES,0.0,1.2.6.1.3.1,0.63700000000000001,0.0,m3,Semana 01,False,General,Pieza
Piezas,[M3] C / F3 / OC / DEMSUP / Demolición Vigas de Borde Losa Existente,,0.112,False,,3282127,3282127,FRENTE_3,MPZ_CI_B06640_desenlazado,RYR DEMOLICIONES,0.0,1.2.6.1.3.1,0.112,0.0,m3,Semana 01,False,General,Pieza
Piezas,[M3] C / F3 / OC / DEMSUP / Demolición Vigas de Borde Losa Existente,,0.216,False,,3282409,3282409,FRENTE_3,MPZ_CI_B06640_desenlazado,RYR DEMOLICIONES,0.0,1.2.6.1.3.1,0.216,0.0,m3,Semana 01,False,General,Pieza
Piezas,[M3] C / F3 / OC / DEMSUP / Demolición Vigas de Borde Losa Existente,,0.32900000000000001,False,,3282410,3282410,FRENTE_3,MPZ_CI_B06640_desenlazado,RYR DEMOLICIONES,0.0,1.2.6.1.3.1,0.32900000000000001,0.0,m3,Semana 01,False,General,Pieza
Piezas,[M2] C / F3 / OC / DEMSUP / Demolición de Losas Existentes para Escaleras,,2.4910000000000001,False,,3283366,3283366,FRENTE_3,MPZ_CI_B06640_desenlazado,RYR DEMOLICIONES,0.0,1.2.6.1.3.3,12.452999999999999,12.452999999999999,m2,Semana 01,False,General,Pieza
Piezas,[M2] C / F3 / OC / DEMSUP / Demolición de Losas Existentes para Escaleras,,1.6150000000000000,False,,3283391,3283391,FRENTE_3,MPZ_CI_B06640_desenlazado,RYR DEMOLICIONES,0.0,1.2.6.1.3.3,8.0739999999999998,8.0739999999999998,m2,Semana 01,False,General,Pieza
Piezas,[M2] C / F2 / OC / DEMSUB / Demoliciones Losa de Fundación F4,,3.6749999999999998,False,,3284230,3284230,FRENTE_2,MPZ_CI_B06640_desenlazado,Sin Asignar,0.0,1.2.5.1.3.3,12.25,12.25,m2,Semana 01,False,General,Pieza
Piezas,[M2] C / F2 / OC / DEMSUB / Demoliciones Losa de Fundación F4,,3.6749999999999998,False,,3284231,3284231,FRENTE_2,MPZ_CI_B06640_desenlazado,Sin Asignar,0.0,1.2.5.1.3.3,12.25,12.25,m2,Semana 01,False,General,Pieza
Piezas,[M2] C / F2 / OC / DEMSUB / Demoliciones Losa de Fundación F4,21-09-2026,3.6749999999999998,False,21-09-2026,3311311,3311311,FRENTE_2,MPZ_CI_B06640_desenlazado,RYR DEMOLICIONES,0.0,1.2.5.1.3.3,12.25,12.25,m2,5,True,EJECUTADO,Pieza
Piezas,[M2] C / F2 / OC / DEMSUB / Demoliciones Losa de Fundación F4,14-09-2026,3.6749999999999998,False,14-09-2026,3311313,3311313,FRENTE_2,MPZ_CI_B06640_desenlazado,RYR DEMOLICIONES,0.0,1.2.5.1.3.3,12.25,12.25,m2,4,True,EJECUTADO,Pieza
Piezas,[M2] C / F2 / OC / DEMSUB / Demoliciones Losa de Fundación F4,,2.1130000000000000,False,,3311416,3311416,FRENTE_2,MPZ_CI_B06640_desenlazado,RYR DEMOLICIONES,0.0,1.2.5.1.3.3,7.0439999999999996,7.0439999999999996,m2,Semana 01,False,General,Pieza
Piezas,[M2] C / F2 / OC / DEMSUB / Demoliciones Losa de Fundación F4,21-09-2026,1.5620000000000001,False,21-09-2026,3311417,3311417,FRENTE_2,MPZ_CI_B06640_desenlazado,RYR DEMOLICIONES,0.0,1.2.5.1.3.3,5.2060000000000004,5.2060000000000004,m2,5,True,EJECUTADO,Pieza
Piezas,[M3] C / F3 / OC / DEMSUP / Demolición Vigas de Borde Losa Existente,,0.115,False,,3311481,3311481,FRENTE_3,MPZ_CI_B06640_desenlazado,RYR DEMOLICIONES,0.0,1.2.6.1.3.1,0.115,0.0,m3,Semana 01,False,General,Pieza
Piezas,[M2] C / F2 / OC / DEMSUB / Demolición Muros y Losa,,9.1340000000000003,False,,3311527,3311527,FRENTE_2,MPZ_CI_B06640_desenlazado,RYR DEMOLICIONES,14.827000000000000,1.2.5.1.3.4,45.667999999999999,45.667999999999999,m2,Semana 01,False,General,Pieza
Piezas,[M2] C / F2 / OC / DEMSUB / Demolición Muros y Losa,,1.0890000000000000,False,,3311575,3311575,General,MPZ_CI_B06640_desenlazado,RYR DEMOLICIONES,0.0,1.2.5.1.3.4,1.0890000000000000,0.0,m2,Semana 01,False,General,Pieza
Piezas,[M2] C / F2 / OC / DEMSUB / Demolición Muros y Losa,,1.127,False,,3311576,3311576,General,MPZ_CI_B06640_desenlazado,RYR DEMOLICIONES,0.0,1.2.5.1.3.4,1.127,0.0,m2,Semana 01,False,General,Pieza
Piezas,[M2] C / F2 / OC / DEMSUB / Demolición Muros y Losa,,1.125,False,,3311577,3311577,General,MPZ_CI_B06640_desenlazado,RYR DEMOLICIONES,0.0,1.2.5.1.3.4,1.125,0.0,m2,Semana 01,False,General,Pieza
Piezas,[M2] C / F2 / OC / DEMSUB / Demolición Muros y Losa,,1.1200000000000001,False,,3311578,3311578,General,MPZ_CI_B06640_desenlazado,RYR DEMOLICIONES,0.0,1.2.5.1.3.4,1.1200000000000001,0.0,m2,Semana 01,False,General,Pieza
Piezas,[M2] C / F2 / OC / DEMSUB / Demolición Muros y Losa,,1.4860000000000000,False,,3311579,3311579,General,MPZ_CI_B06640_desenlazado,RYR DEMOLICIONES,0.0,1.2.5.1.3.4,1.4860000000000000,0.0,m2,Semana 01,False,General,Pieza
Piezas,[M2] C / F2 / OC / DEMSUB / Demolición Muros y Losa,,3.2970000000000002,False,,3311580,3311580,General,MPZ_CI_B06640_desenlazado,RYR DEMOLICIONES,0.0,1.2.5.1.3.4,3.2970000000000002,0.0,m2,Semana 01,False,General,Pieza
Piezas,[M2] C / F2 / OC / DEMSUB / Demolición Muros y Losa,,3.2300000000000000,False,,3311581,3311581,General,MPZ_CI_B06640_desenlazado,RYR DEMOLICIONES,0.0,1.2.5.1.3.4,3.2300000000000000,0.0,m2,Semana 01,False,General,Pieza
Piezas,[M2] C / F2 / OC / DEMSUB / Demolición Muros y Losa,,3.5600000000000001,False,,3311582,3311582,General,MPZ_CI_B06640_desenlazado,RYR DEMOLICIONES,10.382999999999999,1.2.5.1.3.4,14.241000000000000,14.241000000000000,m2,Semana 01,False,General,Pieza
Piezas,[M2] C / F2 / OC / DEMSUB / Demolición Muros y Losa,,0.70599999999999996,False,,3311583,3311583,General,MPZ_CI_B06640_desenlazado,RYR DEMOLICIONES,0.0,1.2.5.1.3.4,0.70599999999999996,0.0,m2,Semana 01,False,General,Pieza
Piezas,[M2] C / F2 / OC / DEMSUB / Demolición Muros y Losa,,0.0,False,,3311584,3311584,General,MPZ_CI_B06640_desenlazado,RYR DEMOLICIONES,0.0,1.2.5.1.3.4,1.0,0.0,m2,Semana 01,False,General,Pieza
Piezas,[M2] C / F2 / OC / DEMSUB / Demolición Muros y Losa,,1.0820000000000001,False,,3311585,3311585,General,MPZ_CI_B06640_desenlazado,RYR DEMOLICIONES,9.7799999999999994,1.2.5.1.3.4,4.3270000000000000,4.3270000000000000,m2,Semana 01,False,General,Pieza
Piezas,[M2] C / F2 / OC / DEMSUB / Demolición Muros y Losa,,0.24399999999999999,False,,3311586,3311586,General,MPZ_CI_B06640_desenlazado,RYR DEMOLICIONES,9.7799999999999994,1.2.5.1.3.4,0.97799999999999998,0.97799999999999998,m2,Semana 01,False,General,Pieza
Piezas,[M2] C / F2 / OC / DEMSUB / Demolición Muros y Losa,,3.0590000000000002,False,,3311587,3311587,General,MPZ_CI_B06640_desenlazado,RYR DEMOLICIONES,0.0,1.2.5.1.3.4,3.0590000000000002,0.0,m2,Semana 01,False,General,Pieza
Piezas,[M2] C / F2 / OC / DEMSUB / Demolición Muros y Losa,,0.54800000000000004,False,,3311588,3311588,General,MPZ_CI_B06640_desenlazado,RYR DEMOLICIONES,0.0,1.2.5.1.3.4,0.54800000000000004,0.0,m2,Semana 01,False,General,Pieza
Piezas,[M2] C / F2 / OC / DEMSUB / Demolición Muros y Losa,,0.55600000000000005,False,,3311589,3311589,General,MPZ_CI_B06640_desenlazado,RYR DEMOLICIONES,0.0,1.2.5.1.3.4,0.55600000000000005,0.0,m2,Semana 01,False,General,Pieza
Piezas,[M2] C / F2 / OC / DEMSUB / Demolición Muros y Losa,,14.295999999999999,False,,3311593,3311593,FRENTE_2,MPZ_CI_B06640_desenlazado,RYR DEMOLICIONES,0.0,1.2.5.1.3.4,79.421000000000006,79.421000000000006,m2,Semana 01,False,General,Pieza
Piezas,[M2] C / F2 / OC / DEMSUB / Demolición Muros y Losa,,14.401000000000000,False,,3311594,3311594,FRENTE_2,MPZ_CI_B06640_desenlazado,RYR DEMOLICIONES,0.0,1.2.5.1.3.4,80.004000000000005,80.004000000000005,m2,Semana 01,False,General,Pieza
Piezas,[M2] C / F2 / OC / DEMSUB / Demolición Muros y Losa,,1.377,False,,3311751,3311751,FRENTE_2,MPZ_CI_B06640_desenlazado,RYR DEMOLICIONES,0.0,1.2.5.1.3.4,7.6500000000000004,7.6500000000000004,m2,Semana 01,False,General,Pieza
Piezas,[M2] C / F2 / OC / DEMSUB / Demolición Muros y Losa,,5.3460000000000001,False,,3311752,3311752,FRENTE_2,MPZ_CI_B06640_desenlazado,RYR DEMOLICIONES,0.0,1.2.5.1.3.4,29.698000000000000,29.698000000000000,m2,Semana 01,False,General,Pieza
Piezas,[M2] C / F2 / OC / DEMSUB / Demolición Muros y Losa,,7.1420000000000003,False,,3311753,3311753,FRENTE_2,MPZ_CI_B06640_desenlazado,RYR DEMOLICIONES,0.0,1.2.5.1.3.4,39.677000000000000,39.677000000000000,m2,Semana 01,False,General,Pieza
Piezas,[M2] C / F2 / OC / DEMSUB / Demolición Muros y Losa,21-09-2026,0.47599999999999998,False,21-09-2026,3311754,3311754,FRENTE_2,MPZ_CI_B06640_desenlazado,RYR DEMOLICIONES,0.0,1.2.5.1.3.4,2.6419999999999999,2.6419999999999999,m2,5,True,EJECUTADO,Pieza
Piezas,[M2] C / F2 / OC / DEMSUB / Demoliciones Cámaras PEAS & Desgrasadora PEAS 3-4,30,7.5350000000000001,True,30,3123453,3123453,FRENTE_2,MPZ0029-CI-MO-001_local,SOIL,0.0,1.2.5.1.2.4,25.114999999999998,25.114999999999998,m2,6,True,EJECUTADO,Pieza
Piezas,[M2] C / F2 / OC / DEMSUB / Demoliciones Cámaras PEAS & Desgrasadora PEAS 3-4,29-09-2026,6.4370000000000003,True,29-09-2026,3123525,3123525,FRENTE_2,MPZ0029-CI-MO-001_local,SOIL,0.0,1.2.5.1.2.4,21.454999999999998,21.454999999999998,m2,6,True,EJECUTADO,Pieza
Piezas,[M2]  C / F2 / OC / DEMSUB / Demoliciones Cámaras PEAS & Desgrasadora PEAS 1-2,,6.6879999999999997,True,,3123612,3123612,FRENTE_2,MPZ0029-CI-MO-001_local,SOIL,0.0,1.2.5.1.3.6,22.292999999999999,22.292999999999999,m2,Semana 01,False,General,Pieza
Piezas,[M2]  C / F2 / OC / DEMSUB / Demoliciones Cámaras PEAS & Desgrasadora PEAS 1-2,,5.1740000000000004,True,,3123687,3123687,FRENTE_2,MPZ0029-CI-MO-001_local,SOIL,0.0,1.2.5.1.3.6,17.245999999999999,17.245999999999999,m2,Semana 01,False,General,Pieza
Piezas,[M2]  C / F2 / OC / DEMSUB / Demoliciones Cámaras A.LL,02-10-2026,4.7939999999999996,True,02-10-2026,3123831,3123831,FRENTE_2,MPZ0029-CI-MO-001_local,SOIL,0.0,1.2.5.1.3.2,15.981000000000000,15.981000000000000,m2,6,True,EJECUTADO,Pieza
Piezas,[M2]  C / F2 / OC / DEMSUB / Demoliciones Cámaras A.LL,,3.9769999999999999,True,,3123958,3123958,FRENTE_2,MPZ0029-CI-MO-001_local,SOIL,0.0,1.2.5.1.3.2,13.257999999999999,13.257999999999999,m2,Semana 01,False,General,Pieza
Piezas,[M2]  C / F2 / OC / DEMSUB / Demoliciones Cámaras A.LL,,3.9740000000000002,True,,3124045,3124045,FRENTE_2,MPZ0029-CI-MO-001_local,SOIL,0.0,1.2.5.1.3.2,13.247000000000000,13.247000000000000,m2,Semana 01,False,General,Pieza
Piezas,[M2]  C / F2 / OC / DEMSUB / Demoliciones Cámaras A.LL,,3.9740000000000002,True,,3124165,3124165,FRENTE_2,MPZ0029-CI-MO-001_local,SOIL,0.0,1.2.5.1.3.2,13.247000000000000,13.247000000000000,m2,Semana 01,False,General,Pieza
Piezas,[M2] C / F3 / OC / DEMSUP / Demolición veredas,,2.2120000000000002,True,,3806328,3806328,FRENTE_3,MP TREBOL_REMODELACION_2025_desenlazado,RYR DEMOLICIONES,0.0,1.2.6.1.3.2.1,14.75,14.75,m2,Semana 01,False,General,Pieza
Piezas,[M2] C / F3 / OC / DEMSUP / Demolición veredas,,24.548999999999999,True,,3807686,3807686,FRENTE_3,MP TREBOL_REMODELACION_2025_desenlazado,RYR DEMOLICIONES,0.0,1.2.6.1.3.2.1,163.66200000000001,163.66200000000001,m2,Semana 01,False,General,Pieza
Piezas,[M2] C / F3 / OC / DEMSUP / Demolición veredas,07-09-2026,0.72899999999999998,True,07-09-2026,3808324,3808324,FRENTE_3,MP TREBOL_REMODELACION_2025_desenlazado,RYR DEMOLICIONES,0.0,1.2.6.1.3.2.1,4.8630000000000004,4.8630000000000004,m2,3,True,EJECUTADO,Pieza
Piezas,[M2] C / F3 / OC / DEMSUP / Demolición veredas,14-09-2026,2.6090000000000000,True,14-09-2026,3808327,3808327,FRENTE_3,MP TREBOL_REMODELACION_2025_desenlazado,RYR DEMOLICIONES,0.0,1.2.6.1.3.2.1,17.396000000000001,17.396000000000001,m2,4,True,EJECUTADO,Pieza
Piezas,[M2] C / F3 / OC / DEMSUP / Demolición veredas,07-09-2026,2.6309999999999998,True,07-09-2026,3808328,3808328,FRENTE_3,MP TREBOL_REMODELACION_2025_desenlazado,RYR DEMOLICIONES,0.0,1.2.6.1.3.2.1,17.539999999999999,17.539999999999999,m2,3,True,EJECUTADO,Pieza
Piezas,[M2] C / F3 / OC / DEMSUP / Demolición veredas,07-09-2026,0.55900000000000005,True,07-09-2026,3808329,3808329,FRENTE_3,MP TREBOL_REMODELACION_2025_desenlazado,RYR DEMOLICIONES,0.0,1.2.6.1.3.2.1,3.7250000000000001,3.7250000000000001,m2,3,True,EJECUTADO,Pieza
Piezas,[M2] C / F3 / OC / DEMSUP / Demolición veredas,14-09-2026,0.029999999999999999,True,14-09-2026,3808331,3808331,FRENTE_3,MP TREBOL_REMODELACION_2025_desenlazado,RYR DEMOLICIONES,0.0,1.2.6.1.3.2.1,0.20300000000000001,0.20300000000000001,m2,4,True,EJECUTADO,Pieza
Piezas,[M2] C / F3 / OC / DEMSUP / Demolición veredas,14-09-2026,0.17199999999999999,True,14-09-2026,3808333,3808333,FRENTE_3,MP TREBOL_REMODELACION_2025_desenlazado,RYR DEMOLICIONES,0.0,1.2.6.1.3.2.1,1.1470000000000000,1.1470000000000000,m2,4,True,EJECUTADO,Pieza
Piezas,[M2] C / F3 / OC / DEMSUP / Demolición veredas,14-09-2026,0.081000000000000003,True,14-09-2026,3808334,3808334,FRENTE_3,MP TREBOL_REMODELACION_2025_desenlazado,RYR DEMOLICIONES,0.0,1.2.6.1.3.2.1,0.54200000000000004,0.54200000000000004,m2,4,True,EJECUTADO,Pieza
Piezas,[M2] C / F3 / OC / DEMSUP / Demolición veredas,14-09-2026,0.017999999999999999,True,14-09-2026,3808336,3808336,FRENTE_3,MP TREBOL_REMODELACION_2025_desenlazado,RYR DEMOLICIONES,0.0,1.2.6.1.3.2.1,0.11899999999999999,0.11899999999999999,m2,4,True,EJECUTADO,Pieza
Piezas,[M2] C / F3 / OC / DEMSUP / Demolición veredas,25-09-2026,2.3090000000000002,True,25-09-2026,3809366,3809366,FRENTE_3,MP TREBOL_REMODELACION_2025_desenlazado,RYR DEMOLICIONES,0.0,1.2.6.1.3.2.1,15.395000000000000,15.395000000000000,m2,5,True,EJECUTADO,Pieza
Piezas,[M2] C / F3 / OC / DEMSUP / Demolición veredas,25-09-2026,0.070999999999999994,True,25-09-2026,3809368,3809368,FRENTE_3,MP TREBOL_REMODELACION_2025_desenlazado,RYR DEMOLICIONES,0.0,1.2.6.1.3.2.1,0.47499999999999998,0.47499999999999998,m2,5,True,EJECUTADO,Pieza
Piezas,[M2] C / F3 / OC / DEMSUP / Demolición veredas,21-09-2026,0.152,True,21-09-2026,3809369,3809369,FRENTE_3,MP TREBOL_REMODELACION_2025_desenlazado,RYR DEMOLICIONES,0.0,1.2.6.1.3.2.1,1.0160000000000000,1.0160000000000000,m2,5,True,EJECUTADO,Pieza
Piezas,[M2] C / F3 / OC / DEMSUP / Demolición veredas,21-09-2026,0.14899999999999999,True,21-09-2026,3809372,3809372,FRENTE_3,MP TREBOL_REMODELACION_2025_desenlazado,RYR DEMOLICIONES,0.0,1.2.6.1.3.2.1,0.99099999999999999,0.99099999999999999,m2,5,True,EJECUTADO,Pieza
Piezas,[M2] C / F3 / OC / DEMSUP / Demolición veredas,14-09-2026,4.875,True,14-09-2026,3809373,3809373,FRENTE_3,MP TREBOL_REMODELACION_2025_desenlazado,RYR DEMOLICIONES,0.0,1.2.6.1.3.2.1,32.497999999999998,32.497999999999998,m2,4,True,EJECUTADO,Pieza
Piezas,[M2] C / F3 / OC / DEMSUP / Demolición veredas,14-09-2026,0.031,True,14-09-2026,3809375,3809375,FRENTE_3,MP TREBOL_REMODELACION_2025_desenlazado,RYR DEMOLICIONES,0.0,1.2.6.1.3.2.1,0.20399999999999999,0.20399999999999999,m2,4,True,EJECUTADO,Pieza
Piezas,[M2] C / F3 / OC / DEMSUP / Demolición veredas,25-09-2026,0.084000000000000005,True,25-09-2026,3809379,3809379,FRENTE_3,MP TREBOL_REMODELACION_2025_desenlazado,RYR DEMOLICIONES,0.0,1.2.6.1.3.2.1,0.56000000000000005,0.56000000000000005,m2,5,True,EJECUTADO,Pieza
Piezas,[M2] C / F3 / OC / DEMSUP / Demolición veredas,29-09-2026,0.027,True,29-09-2026,3809380,3809380,FRENTE_3,MP TREBOL_REMODELACION_2025_desenlazado,RYR DEMOLICIONES,0.0,1.2.6.1.3.2.1,0.17799999999999999,0.17799999999999999,m2,6,True,EJECUTADO,Pieza
Piezas,[M2] C / F3 / OC / DEMSUP / Demolición veredas,14-09-2026,0.54400000000000004,True,14-09-2026,3809382,3809382,FRENTE_3,MP TREBOL_REMODELACION_2025_desenlazado,RYR DEMOLICIONES,0.0,1.2.6.1.3.2.1,3.6269999999999998,3.6269999999999998,m2,4,True,EJECUTADO,Pieza
Piezas,[M2] C / F3 / OC / DEMSUP / Demolición veredas,14-09-2026,0.44800000000000001,True,14-09-2026,3809384,3809384,FRENTE_3,MP TREBOL_REMODELACION_2025_desenlazado,RYR DEMOLICIONES,0.0,1.2.6.1.3.2.1,2.9900000000000002,2.9900000000000002,m2,4,True,EJECUTADO,Pieza
Piezas,[M2] C / F3 / OC / DEMSUP / Demolición veredas,25-09-2026,0.11700000000000001,True,25-09-2026,3809385,3809385,FRENTE_3,MP TREBOL_REMODELACION_2025_desenlazado,RYR DEMOLICIONES,0.0,1.2.6.1.3.2.1,0.77800000000000002,0.77800000000000002,m2,5,True,EJECUTADO,Pieza
Piezas,[M2] C / F3 / OC / DEMSUP / Demolición veredas,25-09-2026,0.11899999999999999,True,25-09-2026,3809386,3809386,FRENTE_3,MP TREBOL_REMODELACION_2025_desenlazado,RYR DEMOLICIONES,0.0,1.2.6.1.3.2.1,0.79200000000000004,0.79200000000000004,m2,5,True,EJECUTADO,Pieza
Piezas,[M2] C / F3 / OC / DEMSUP / Demolición veredas,21-09-2026,0.25,True,21-09-2026,3809387,3809387,FRENTE_3,MP TREBOL_REMODELACION_2025_desenlazado,RYR DEMOLICIONES,0.0,1.2.6.1.3.2.1,1.6650000000000000,1.6650000000000000,m2,5,True,EJECUTADO,Pieza
Piezas,[M2] C / F3 / OC / DEMSUP / Demolición veredas,21-09-2026,0.24399999999999999,True,21-09-2026,3809388,3809388,FRENTE_3,MP TREBOL_REMODELACION_2025_desenlazado,RYR DEMOLICIONES,0.0,1.2.6.1.3.2.1,1.625,1.625,m2,5,True,EJECUTADO,Pieza
Piezas,[M2] C / F3 / OC / DEMSUP / Demolición veredas,14-09-2026,0.31900000000000001,True,14-09-2026,3809389,3809389,FRENTE_3,MP TREBOL_REMODELACION_2025_desenlazado,RYR DEMOLICIONES,0.0,1.2.6.1.3.2.1,2.129,2.129,m2,4,True,EJECUTADO,Pieza
Piezas,[M2] C / F3 / OC / DEMSUP / Demolición veredas,14-09-2026,0.28100000000000003,True,14-09-2026,3809391,3809391,FRENTE_3,MP TREBOL_REMODELACION_2025_desenlazado,RYR DEMOLICIONES,0.0,1.2.6.1.3.2.1,1.8700000000000001,1.8700000000000001,m2,4,True,EJECUTADO,Pieza
Piezas,[M2] C / F3 / OC / DEMSUP / Demolición veredas,14-09-2026,0.13300000000000001,True,14-09-2026,3809392,3809392,FRENTE_3,MP TREBOL_REMODELACION_2025_desenlazado,RYR DEMOLICIONES,0.0,1.2.6.1.3.2.1,0.88800000000000001,0.88800000000000001,m2,4,True,EJECUTADO,Pieza
Piezas,[M2] C / F3 / OC / DEMSUP / Demolición veredas,14-09-2026,1.3640000000000001,True,14-09-2026,3809394,3809394,FRENTE_3,MP TREBOL_REMODELACION_2025_desenlazado,RYR DEMOLICIONES,0.0,1.2.6.1.3.2.1,9.0939999999999994,9.0939999999999994,m2,4,True,EJECUTADO,Pieza
Piezas,[M2] C / F3 / OC / DEMSUP / Demolición veredas,25-09-2026,0.35799999999999998,True,25-09-2026,3809395,3809395,FRENTE_3,MP TREBOL_REMODELACION_2025_desenlazado,RYR DEMOLICIONES,0.0,1.2.6.1.3.2.1,2.3839999999999999,2.3839999999999999,m2,5,True,EJECUTADO,Pieza
Piezas,[M2] C / F3 / OC / DEMSUP / Demolición veredas,25-09-2026,0.218,True,25-09-2026,3809396,3809396,FRENTE_3,MP TREBOL_REMODELACION_2025_desenlazado,RYR DEMOLICIONES,0.0,1.2.6.1.3.2.1,1.4560000000000000,1.4560000000000000,m2,5,True,EJECUTADO,Pieza
Piezas,[M2] C / F3 / OC / DEMSUP / Demolición veredas,21-09-2026,0.76500000000000001,True,21-09-2026,3809397,3809397,FRENTE_3,MP TREBOL_REMODELACION_2025_desenlazado,RYR DEMOLICIONES,0.0,1.2.6.1.3.2.1,5.1029999999999998,5.1029999999999998,m2,5,True,EJECUTADO,Pieza
Piezas,[M2] C / F3 / OC / DEMSUP / Demolición veredas,21-09-2026,0.747,True,21-09-2026,3809398,3809398,FRENTE_3,MP TREBOL_REMODELACION_2025_desenlazado,RYR DEMOLICIONES,0.0,1.2.6.1.3.2.1,4.9800000000000004,4.9800000000000004,m2,5,True,EJECUTADO,Pieza
Piezas,[M2] C / F3 / OC / DEMSUP / Demolición veredas,14-09-2026,0.95799999999999996,True,14-09-2026,3809399,3809399,FRENTE_3,MP TREBOL_REMODELACION_2025_desenlazado,RYR DEMOLICIONES,0.0,1.2.6.1.3.2.1,6.3849999999999998,6.3849999999999998,m2,4,True,EJECUTADO,Pieza
Piezas,[M2] C / F3 / OC / DEMSUP / Demolición veredas,14-09-2026,0.84799999999999998,True,14-09-2026,3809401,3809401,FRENTE_3,MP TREBOL_REMODELACION_2025_desenlazado,RYR DEMOLICIONES,0.0,1.2.6.1.3.2.1,5.6570000000000000,5.6570000000000000,m2,4,True,EJECUTADO,Pieza
Piezas,[M2] C / F3 / OC / DEMSUP / Demolición veredas,14-09-2026,0.40799999999999997,True,14-09-2026,3809402,3809402,FRENTE_3,MP TREBOL_REMODELACION_2025_desenlazado,RYR DEMOLICIONES,0.0,1.2.6.1.3.2.1,2.7220000000000000,2.7220000000000000,m2,4,True,EJECUTADO,Pieza
Piezas,[M2] C / F3 / OC / DEMSUP / Demolición veredas,07-09-2026,1.7060000000000000,True,07-09-2026,3810480,3810480,FRENTE_3,MP TREBOL_REMODELACION_2025_desenlazado,RYR DEMOLICIONES,0.0,1.2.6.1.3.2.1,11.375999999999999,11.375999999999999,m2,3,True,EJECUTADO,Pieza
Piezas,[M2] C / F3 / OC / DEMSUP / Demolición veredas,14-09-2026,5.1570000000000000,True,14-09-2026,3810481,3810481,FRENTE_3,MP TREBOL_REMODELACION_2025_desenlazado,RYR DEMOLICIONES,0.0,1.2.6.1.3.2.1,34.378999999999998,34.378999999999998,m2,4,True,EJECUTADO,Pieza
Piezas,[M2] C / F3 / OC / DEMSUP / Demolición veredas,14-09-2026,0.071999999999999995,True,14-09-2026,3810482,3810482,FRENTE_3,MP TREBOL_REMODELACION_2025_desenlazado,RYR DEMOLICIONES,0.0,1.2.6.1.3.2.1,0.47799999999999998,0.47799999999999998,m2,4,True,EJECUTADO,Pieza
Piezas,[M2] C / F3 / OC / DEMSUP / Demolición veredas,,0.189,True,,3810483,3810483,FRENTE_3,MP TREBOL_REMODELACION_2025_desenlazado,RYR DEMOLICIONES,0.0,1.2.6.1.3.2.1,1.2620000000000000,1.2620000000000000,m2,6,False,PROGRAMADO,Pieza
Piezas,[M2] C / F3 / OC / DEMSUP / Demolición veredas,,0.443,True,,3810484,3810484,FRENTE_3,MP TREBOL_REMODELACION_2025_desenlazado,RYR DEMOLICIONES,0.0,1.2.6.1.3.2.1,2.9569999999999999,2.9569999999999999,m2,6,False,PROGRAMADO,Pieza
Piezas,[M2] C / F3 / OC / DEMSUP / Demolición veredas,14-09-2026,0.036999999999999998,True,14-09-2026,3810486,3810486,FRENTE_3,MP TREBOL_REMODELACION_2025_desenlazado,RYR DEMOLICIONES,0.0,1.2.6.1.3.2.1,0.247,0.247,m2,4,True,EJECUTADO,Pieza
Piezas,[M2] C / F3 / OC / DEMSUP / Demolición veredas,,0.44900000000000001,True,,3810487,3810487,FRENTE_3,MP TREBOL_REMODELACION_2025_desenlazado,RYR DEMOLICIONES,0.0,1.2.6.1.3.2.1,2.9929999999999999,2.9929999999999999,m2,Semana 01,False,General,Pieza
Piezas,[M2] C / F3 / OC / DEMSUP / Demolición veredas,14-09-2026,0.64700000000000002,True,14-09-2026,3810488,3810488,FRENTE_3,MP TREBOL_REMODELACION_2025_desenlazado,RYR DEMOLICIONES,0.0,1.2.6.1.3.2.1,4.3159999999999998,4.3159999999999998,m2,4,True,EJECUTADO,Pieza
Piezas,[M2] C / F3 / OC / DEMSUP / Demolición veredas,25-09-2026,0.11,True,25-09-2026,3810489,3810489,FRENTE_3,MP TREBOL_REMODELACION_2025_desenlazado,RYR DEMOLICIONES,0.0,1.2.6.1.3.2.1,0.73299999999999998,0.73299999999999998,m2,5,True,EJECUTADO,Pieza
Piezas,[M2] C / F3 / OC / DEMSUP / Demolición veredas,21-09-2026,8.1980000000000004,True,21-09-2026,3810490,3810490,FRENTE_3,MP TREBOL_REMODELACION_2025_desenlazado,RYR DEMOLICIONES,0.0,1.2.6.1.3.2.1,54.651000000000003,54.651000000000003,m2,5,True,EJECUTADO,Pieza
Piezas,[M2] C / F3 / OC / DEMSUP / Demolición veredas,,0.002,True,,3810491,3810491,FRENTE_3,MP TREBOL_REMODELACION_2025_desenlazado,RYR DEMOLICIONES,0.0,1.2.6.1.3.2.1,0.014999999999999999,0.014999999999999999,m2,6,False,PROGRAMADO,Pieza
Piezas,[M2] C / F3 / OC / DEMSUP / Demolición veredas,,1.5790000000000000,True,,3810492,3810492,FRENTE_3,MP TREBOL_REMODELACION_2025_desenlazado,RYR DEMOLICIONES,0.0,1.2.6.1.3.2.1,10.526999999999999,10.526999999999999,m2,6,False,PROGRAMADO,Pieza
Piezas,[M2] C / F3 / OC / DEMSUP / Demolición veredas,,0.017000000000000001,True,,3810494,3810494,FRENTE_3,MP TREBOL_REMODELACION_2025_desenlazado,RYR DEMOLICIONES,0.0,1.2.6.1.3.2.1,0.115,0.115,m2,6,False,PROGRAMADO,Pieza
Piezas,[M2] C / F3 / OC / DEMSUP / Demolición veredas,,0.0,True,,3810495,3810495,FRENTE_3,MP TREBOL_REMODELACION_2025_desenlazado,RYR DEMOLICIONES,0.0,1.2.6.1.3.2.1,1.0,0.0,m2,Semana 01,False,General,Pieza
Piezas,[M2] C / F3 / OC / DEMSUP / Demolición veredas,25-09-2026,0.27400000000000002,True,25-09-2026,3810496,3810496,FRENTE_3,MP TREBOL_REMODELACION_2025_desenlazado,RYR DEMOLICIONES,0.0,1.2.6.1.3.2.1,1.8240000000000001,1.8240000000000001,m2,5,True,EJECUTADO,Pieza
Piezas,[M2] C / F3 / OC / DEMSUP / Demolición veredas,25-09-2026,0.092999999999999999,True,25-09-2026,3810497,3810497,FRENTE_3,MP TREBOL_REMODELACION_2025_desenlazado,RYR DEMOLICIONES,0.0,1.2.6.1.3.2.1,0.622,0.622,m2,5,True,EJECUTADO,Pieza
Piezas,[M2] C / F3 / OC / DEMSUP / Demolición veredas,21-09-2026,0.126,True,21-09-2026,3810499,3810499,FRENTE_3,MP TREBOL_REMODELACION_2025_desenlazado,RYR DEMOLICIONES,0.0,1.2.6.1.3.2.1,0.83799999999999997,0.83799999999999997,m2,5,True,EJECUTADO,Pieza
Piezas,[M2] C / F3 / OC / DEMSUP / Demolición veredas,25-09-2026,0.32200000000000001,True,25-09-2026,3810500,3810500,FRENTE_3,MP TREBOL_REMODELACION_2025_desenlazado,RYR DEMOLICIONES,0.0,1.2.6.1.3.2.1,2.1480000000000001,2.1480000000000001,m2,5,True,EJECUTADO,Pieza
Piezas,[M2] C / F3 / OC / DEMSUP / Demolición veredas,21-09-2026,0.44800000000000001,True,21-09-2026,3810501,3810501,FRENTE_3,MP TREBOL_REMODELACION_2025_desenlazado,RYR DEMOLICIONES,0.0,1.2.6.1.3.2.1,2.9870000000000001,2.9870000000000001,m2,5,True,EJECUTADO,Pieza
Piezas,[M2] C / F3 / OC / DEMSUP / Demolición veredas,25-09-2026,1.0950000000000000,True,25-09-2026,3810502,3810502,FRENTE_3,MP TREBOL_REMODELACION_2025_desenlazado,RYR DEMOLICIONES,0.0,1.2.6.1.3.2.1,7.2990000000000004,7.2990000000000004,m2,5,True,EJECUTADO,Pieza
Piezas,[M2] C / F3 / OC / DEMSUP / Demolición veredas,,1.5180000000000000,True,,3810503,3810503,FRENTE_3,MP TREBOL_REMODELACION_2025_desenlazado,RYR DEMOLICIONES,0.0,1.2.6.1.3.2.1,10.119999999999999,10.119999999999999,m2,6,False,PROGRAMADO,Pieza
Piezas,[M2] C / F3 / OC / DEMSUP / Demolición veredas,14-09-2026,4.0499999999999998,True,14-09-2026,3810504,3810504,FRENTE_3,MP TREBOL_REMODELACION_2025_desenlazado,RYR DEMOLICIONES,0.0,1.2.6.1.3.2.1,27.003000000000000,27.003000000000000,m2,4,True,EJECUTADO,Pieza
Piezas,[M2] C / F3 / OC / DEMSUP / Demolición veredas,25-09-2026,1.0600000000000001,True,25-09-2026,3810505,3810505,FRENTE_3,MP TREBOL_REMODELACION_2025_desenlazado,RYR DEMOLICIONES,0.0,1.2.6.1.3.2.1,7.0640000000000001,7.0640000000000001,m2,5,True,EJECUTADO,Pieza
Piezas,[M2] C / F3 / OC / DEMSUP / Demolición veredas,21-09-2026,0.184,True,21-09-2026,3810506,3810506,FRENTE_3,MP TREBOL_REMODELACION_2025_desenlazado,RYR DEMOLICIONES,0.0,1.2.6.1.3.2.1,1.2240000000000000,1.2240000000000000,m2,5,True,EJECUTADO,Pieza
Piezas,[M2] C / F3 / OC / DEMSUP / Demolición veredas,14-09-2026,5.6330000000000000,True,14-09-2026,3810507,3810507,FRENTE_3,MP TREBOL_REMODELACION_2025_desenlazado,RYR DEMOLICIONES,0.0,1.2.6.1.3.2.1,37.555999999999997,37.555999999999997,m2,4,True,EJECUTADO,Pieza
Piezas,[M2] C / F3 / OC / DEMSUP / Demolición veredas,,1.4019999999999999,True,,3810508,3810508,FRENTE_3,MP TREBOL_REMODELACION_2025_desenlazado,RYR DEMOLICIONES,0.0,1.2.6.1.3.2.1,9.3460000000000001,9.3460000000000001,m2,6,False,PROGRAMADO,Pieza
Piezas,[M2] C / F3 / OC / DEMSUP / Demolición veredas,14-09-2026,0.20999999999999999,True,14-09-2026,3810509,3810509,FRENTE_3,MP TREBOL_REMODELACION_2025_desenlazado,RYR DEMOLICIONES,0.0,1.2.6.1.3.2.1,1.4019999999999999,1.4019999999999999,m2,4,True,EJECUTADO,Pieza
Piezas,[M2] C / F3 / OC / DEMSUP / Demolición veredas,14-09-2026,0.247,True,14-09-2026,3810510,3810510,FRENTE_3,MP TREBOL_REMODELACION_2025_desenlazado,RYR DEMOLICIONES,0.0,1.2.6.1.3.2.1,1.6450000000000000,1.6450000000000000,m2,4,True,EJECUTADO,Pieza
Piezas,[M2] C / F3 / OC / DEMSUP / Demolición veredas,,2.4100000000000001,True,,3810511,3810511,FRENTE_3,MP TREBOL_REMODELACION_2025_desenlazado,RYR DEMOLICIONES,0.0,1.2.6.1.3.2.1,16.064000000000000,16.064000000000000,m2,6,False,PROGRAMADO,Pieza
Piezas,[M2] C / F3 / OC / DEMSUP / Demolición veredas,21-09-2026,0.34599999999999997,True,21-09-2026,3810512,3810512,FRENTE_3,MP TREBOL_REMODELACION_2025_desenlazado,RYR DEMOLICIONES,0.0,1.2.6.1.3.2.1,2.3050000000000002,2.3050000000000002,m2,5,True,EJECUTADO,Pieza
Piezas,[M2] C / F3 / OC / DEMSUP / Demolición veredas,21-09-2026,1.0540000000000000,True,21-09-2026,3810513,3810513,FRENTE_3,MP TREBOL_REMODELACION_2025_desenlazado,RYR DEMOLICIONES,0.0,1.2.6.1.3.2.1,7.0270000000000001,7.0270000000000001,m2,5,True,EJECUTADO,Pieza
Piezas,[M2] C / F3 / OC / DEMSUP / Demolición veredas,14-09-2026,3.6490000000000000,True,14-09-2026,3810514,3810514,FRENTE_3,MP TREBOL_REMODELACION_2025_desenlazado,RYR DEMOLICIONES,0.0,1.2.6.1.3.2.1,24.327000000000002,24.327000000000002,m2,4,True,EJECUTADO,Pieza
Piezas,[M2] C / F3 / OC / DEMSUP / Demolición veredas,,0.33000000000000002,True,,3810515,3810515,FRENTE_3,MP TREBOL_REMODELACION_2025_desenlazado,RYR DEMOLICIONES,0.0,1.2.6.1.3.2.1,2.2020000000000000,2.2020000000000000,m2,6,False,PROGRAMADO,Pieza
Piezas,[M2] C / F3 / OC / DEMSUP / Demolición veredas,,1.4010000000000000,True,,3810516,3810516,FRENTE_3,MP TREBOL_REMODELACION_2025_desenlazado,RYR DEMOLICIONES,0.0,1.2.6.1.3.2.1,9.3420000000000005,9.3420000000000005,m2,6,False,PROGRAMADO,Pieza
Piezas,[M2] C / F3 / OC / DEMSUP / Demolición veredas,21-09-2026,0.53800000000000003,True,21-09-2026,3810517,3810517,FRENTE_3,MP TREBOL_REMODELACION_2025_desenlazado,RYR DEMOLICIONES,0.0,1.2.6.1.3.2.1,3.5850000000000000,3.5850000000000000,m2,5,True,EJECUTADO,Pieza
Piezas,[M2] C / F3 / OC / DEMSUP / Demolición veredas,21-09-2026,0.156,True,21-09-2026,3810518,3810518,FRENTE_3,MP TREBOL_REMODELACION_2025_desenlazado,RYR DEMOLICIONES,0.0,1.2.6.1.3.2.1,1.0380000000000000,1.0380000000000000,m2,5,True,EJECUTADO,Pieza
Piezas,[M2] C / F3 / OC / DEMSUP / Demolición veredas,,0.42899999999999999,True,,3810519,3810519,FRENTE_3,MP TREBOL_REMODELACION_2025_desenlazado,RYR DEMOLICIONES,0.0,1.2.6.1.3.2.1,2.8570000000000002,2.8570000000000002,m2,6,False,PROGRAMADO,Pieza
Piezas,[M2] C / F3 / OC / DEMSUP / Demolición veredas,25-09-2026,0.63100000000000001,True,25-09-2026,3810520,3810520,FRENTE_3,MP TREBOL_REMODELACION_2025_desenlazado,RYR DEMOLICIONES,0.0,1.2.6.1.3.2.1,4.2050000000000001,4.2050000000000001,m2,5,True,EJECUTADO,Pieza
Piezas,[M2] C / F3 / OC / DEMSUP / Demolición veredas,21-09-2026,0.080000000000000002,True,21-09-2026,3810521,3810521,FRENTE_3,MP TREBOL_REMODELACION_2025_desenlazado,RYR DEMOLICIONES,0.0,1.2.6.1.3.2.1,0.53500000000000003,0.53500000000000003,m2,5,True,EJECUTADO,Pieza
Piezas,[M2] C / F3 / OC / DEMSUP / Demolición veredas,29-09-2026,0.0040000000000000001,True,29-09-2026,3810522,3810522,FRENTE_3,MP TREBOL_REMODELACION_2025_desenlazado,RYR DEMOLICIONES,0.0,1.2.6.1.3.2.1,0.025999999999999999,0.025999999999999999,m2,6,True,EJECUTADO,Pieza
Piezas,[M2] C / F3 / OC / DEMSUP / Demolición veredas,29-09-2026,0.58299999999999996,True,29-09-2026,3810523,3810523,FRENTE_3,MP TREBOL_REMODELACION_2025_desenlazado,RYR DEMOLICIONES,0.0,1.2.6.1.3.2.1,3.8860000000000001,3.8860000000000001,m2,6,True,EJECUTADO,Pieza
Piezas,[M2] C / F3 / OC / DEMSUP / Demolición veredas,21-09-2026,4.3639999999999999,True,21-09-2026,3810524,3810524,FRENTE_3,MP TREBOL_REMODELACION_2025_desenlazado,RYR DEMOLICIONES,0.0,1.2.6.1.3.2.1,29.091999999999999,29.091999999999999,m2,5,True,EJECUTADO,Pieza
Piezas,[M2] C / F3 / OC / DEMSUP / Demolición veredas,,0.099000000000000005,True,,3810525,3810525,FRENTE_3,MP TREBOL_REMODELACION_2025_desenlazado,RYR DEMOLICIONES,0.0,1.2.6.1.3.2.1,0.66300000000000003,0.66300000000000003,m2,6,False,PROGRAMADO,Pieza
Piezas,[M2] C / F3 / OC / DEMSUP / Demolición veredas,21-09-2026,2.4780000000000002,True,21-09-2026,3810526,3810526,FRENTE_3,MP TREBOL_REMODELACION_2025_desenlazado,RYR DEMOLICIONES,0.0,1.2.6.1.3.2.1,16.520000000000000,16.520000000000000,m2,5,True,EJECUTADO,Pieza
Piezas,[M2] C / F3 / OC / DEMSUP / Demolición veredas,07-09-2026,0.26800000000000002,True,07-09-2026,3810527,3810527,FRENTE_3,MP TREBOL_REMODELACION_2025_desenlazado,RYR DEMOLICIONES,0.0,1.2.6.1.3.2.1,1.7860000000000000,1.7860000000000000,m2,3,True,EJECUTADO,Pieza
Piezas,[M2] C / F3 / OC / DEMSUP / Demolición veredas,21-09-2026,0.036999999999999998,True,21-09-2026,3810528,3810528,FRENTE_3,MP TREBOL_REMODELACION_2025_desenlazado,RYR DEMOLICIONES,0.0,1.2.6.1.3.2.1,0.247,0.247,m2,5,True,EJECUTADO,Pieza
Piezas,[M2] C / F3 / OC / DEMSUP / Demolición veredas,28-09-2026,6.9150000000000000,True,28-09-2026,3810529,3810529,FRENTE_3,MP TREBOL_REMODELACION_2025_desenlazado,RYR DEMOLICIONES,0.0,1.2.6.1.3.2.1,46.097999999999999,46.097999999999999,m2,6,True,EJECUTADO,Pieza
Piezas,[M2] C / F3 / OC / DEMSUP / Demolición veredas,21-09-2026,0.25600000000000001,True,21-09-2026,3810530,3810530,FRENTE_3,MP TREBOL_REMODELACION_2025_desenlazado,RYR DEMOLICIONES,0.0,1.2.6.1.3.2.1,1.7030000000000001,1.7030000000000001,m2,5,True,EJECUTADO,Pieza
Piezas,[M2] C / F3 / OC / DEMSUP / Demolición veredas,25-09-2026,0.60699999999999998,True,25-09-2026,3810531,3810531,FRENTE_3,MP TREBOL_REMODELACION_2025_desenlazado,RYR DEMOLICIONES,0.0,1.2.6.1.3.2.1,4.0449999999999999,4.0449999999999999,m2,5,True,EJECUTADO,Pieza
Piezas,[M2] C / F3 / OC / DEMSUP / Demolición veredas,21-09-2026,0.51300000000000001,True,21-09-2026,3810532,3810532,FRENTE_3,MP TREBOL_REMODELACION_2025_desenlazado,RYR DEMOLICIONES,0.0,1.2.6.1.3.2.1,3.4220000000000002,3.4220000000000002,m2,5,True,EJECUTADO,Pieza
Piezas,[M2] C / F3 / OC / DEMSUP / Demolición veredas,29-09-2026,0.29799999999999999,True,29-09-2026,3810533,3810533,FRENTE_3,MP TREBOL_REMODELACION_2025_desenlazado,RYR DEMOLICIONES,0.0,1.2.6.1.3.2.1,1.9880000000000000,1.9880000000000000,m2,6,True,EJECUTADO,Pieza
Piezas,[M2] C / F3 / OC / DEMSUP / Demolición veredas,21-09-2026,0.59099999999999997,True,21-09-2026,3810534,3810534,FRENTE_3,MP TREBOL_REMODELACION_2025_desenlazado,RYR DEMOLICIONES,0.0,1.2.6.1.3.2.1,3.9390000000000001,3.9390000000000001,m2,5,True,EJECUTADO,Pieza
Piezas,[M2] C / F3 / OC / DEMSUP / Demolición veredas,25-09-2026,0.17599999999999999,True,25-09-2026,3810535,3810535,FRENTE_3,MP TREBOL_REMODELACION_2025_desenlazado,RYR DEMOLICIONES,0.0,1.2.6.1.3.2.1,1.1739999999999999,1.1739999999999999,m2,5,True,EJECUTADO,Pieza
Piezas,[M2] C / F3 / OC / DEMSUP / Demolición veredas,21-09-2026,0.377,True,21-09-2026,3810536,3810536,FRENTE_3,MP TREBOL_REMODELACION_2025_desenlazado,RYR DEMOLICIONES,0.0,1.2.6.1.3.2.1,2.5129999999999999,2.5129999999999999,m2,5,True,EJECUTADO,Pieza
Piezas,[M2] C / F3 / OC / DEMSUP / Demolición veredas,21-09-2026,0.36799999999999999,True,21-09-2026,3810537,3810537,FRENTE_3,MP TREBOL_REMODELACION_2025_desenlazado,RYR DEMOLICIONES,0.0,1.2.6.1.3.2.1,2.4520000000000000,2.4520000000000000,m2,5,True,EJECUTADO,Pieza
Piezas,[M2] C / F3 / OC / DEMSUP / Demolición veredas,21-09-2026,0.46000000000000002,True,21-09-2026,3810538,3810538,FRENTE_3,MP TREBOL_REMODELACION_2025_desenlazado,RYR DEMOLICIONES,0.0,1.2.6.1.3.2.1,3.0640000000000001,3.0640000000000001,m2,5,True,EJECUTADO,Pieza
Piezas,[M2] C / F3 / OC / DEMSUP / Demolición veredas,14-09-2026,0.41199999999999998,True,14-09-2026,3810539,3810539,FRENTE_3,MP TREBOL_REMODELACION_2025_desenlazado,RYR DEMOLICIONES,0.0,1.2.6.1.3.2.1,2.7440000000000002,2.7440000000000002,m2,4,True,EJECUTADO,Pieza
Piezas,[M2] C / F3 / OC / DEMSUP / Demolición veredas,21-09-2026,0.20100000000000001,True,21-09-2026,3810540,3810540,FRENTE_3,MP TREBOL_REMODELACION_2025_desenlazado,RYR DEMOLICIONES,0.0,1.2.6.1.3.2.1,1.3400000000000001,1.3400000000000001,m2,5,True,EJECUTADO,Pieza
Piezas,[M2] C / F3 / OC / DEMSUP / Demolición veredas,25-09-2026,0.59899999999999998,True,25-09-2026,3810541,3810541,FRENTE_3,MP TREBOL_REMODELACION_2025_desenlazado,RYR DEMOLICIONES,0.0,1.2.6.1.3.2.1,3.9910000000000001,3.9910000000000001,m2,5,True,EJECUTADO,Pieza
Piezas,[M2] C / F3 / OC / DEMSUP / Demolición veredas,21-09-2026,0.40600000000000003,True,21-09-2026,3810542,3810542,FRENTE_3,MP TREBOL_REMODELACION_2025_desenlazado,RYR DEMOLICIONES,0.0,1.2.6.1.3.2.1,2.7040000000000002,2.7040000000000002,m2,5,True,EJECUTADO,Pieza
Piezas,[M2] C / F3 / OC / DEMSUP / Demolición veredas,29-09-2026,0.96599999999999997,True,29-09-2026,3810543,3810543,FRENTE_3,MP TREBOL_REMODELACION_2025_desenlazado,RYR DEMOLICIONES,0.0,1.2.6.1.3.2.1,6.4370000000000003,6.4370000000000003,m2,6,True,EJECUTADO,Pieza
Piezas,[M2] C / F3 / OC / DEMSUP / Demolición veredas,21-09-2026,0.72799999999999998,True,21-09-2026,3810544,3810544,FRENTE_3,MP TREBOL_REMODELACION_2025_desenlazado,RYR DEMOLICIONES,0.0,1.2.6.1.3.2.1,4.8510000000000000,4.8510000000000000,m2,5,True,EJECUTADO,Pieza
Piezas,[M2] C / F3 / OC / DEMSUP / Demolición veredas,29-09-2026,0.055,True,29-09-2026,3810545,3810545,FRENTE_3,MP TREBOL_REMODELACION_2025_desenlazado,RYR DEMOLICIONES,0.0,1.2.6.1.3.2.1,0.36399999999999999,0.36399999999999999,m2,6,True,EJECUTADO,Pieza
Piezas,[M2] C / F3 / OC / DEMSUP / Demolición veredas,29-09-2026,0.40999999999999998,True,29-09-2026,3810546,3810546,FRENTE_3,MP TREBOL_REMODELACION_2025_desenlazado,RYR DEMOLICIONES,0.0,1.2.6.1.3.2.1,2.7370000000000001,2.7370000000000001,m2,6,True,EJECUTADO,Pieza
Piezas,[M2] C / F3 / OC / DEMSUP / Demolición veredas,21-09-2026,0.752,True,21-09-2026,3810547,3810547,FRENTE_3,MP TREBOL_REMODELACION_2025_desenlazado,RYR DEMOLICIONES,0.0,1.2.6.1.3.2.1,5.0170000000000003,5.0170000000000003,m2,5,True,EJECUTADO,Pieza
Piezas,[M2] C / F3 / OC / DEMSUP / Demolición veredas,25-09-2026,0.19700000000000001,True,25-09-2026,3810548,3810548,FRENTE_3,MP TREBOL_REMODELACION_2025_desenlazado,RYR DEMOLICIONES,0.0,1.2.6.1.3.2.1,1.3160000000000001,1.3160000000000001,m2,5,True,EJECUTADO,Pieza
Piezas,[M2] C / F3 / OC / DEMSUP / Demolición veredas,21-09-2026,0.53900000000000003,True,21-09-2026,3810549,3810549,FRENTE_3,MP TREBOL_REMODELACION_2025_desenlazado,RYR DEMOLICIONES,0.0,1.2.6.1.3.2.1,3.5950000000000002,3.5950000000000002,m2,5,True,EJECUTADO,Pieza
Piezas,[M2] C / F3 / OC / DEMSUP / Demolición veredas,21-09-2026,0.52600000000000002,True,21-09-2026,3810550,3810550,FRENTE_3,MP TREBOL_REMODELACION_2025_desenlazado,RYR DEMOLICIONES,0.0,1.2.6.1.3.2.1,3.5080000000000000,3.5080000000000000,m2,5,True,EJECUTADO,Pieza
Piezas,[M2] C / F3 / OC / DEMSUP / Demolición veredas,21-09-2026,0.64400000000000002,True,21-09-2026,3810551,3810551,FRENTE_3,MP TREBOL_REMODELACION_2025_desenlazado,RYR DEMOLICIONES,0.0,1.2.6.1.3.2.1,4.2910000000000004,4.2910000000000004,m2,5,True,EJECUTADO,Pieza
Piezas,[M2] C / F3 / OC / DEMSUP / Demolición veredas,14-09-2026,0.58199999999999996,True,14-09-2026,3810552,3810552,FRENTE_3,MP TREBOL_REMODELACION_2025_desenlazado,RYR DEMOLICIONES,0.0,1.2.6.1.3.2.1,3.8769999999999998,3.8769999999999998,m2,4,True,EJECUTADO,Pieza
Piezas,[M2] C / F3 / OC / DEMSUP / Demolición veredas,21-09-2026,0.28799999999999998,True,21-09-2026,3810553,3810553,FRENTE_3,MP TREBOL_REMODELACION_2025_desenlazado,RYR DEMOLICIONES,0.0,1.2.6.1.3.2.1,1.9179999999999999,1.9179999999999999,m2,5,True,EJECUTADO,Pieza
Piezas,[M2] C / F3 / OC / DEMSUP / Demolición veredas,25-09-2026,0.92500000000000004,True,25-09-2026,3810554,3810554,FRENTE_3,MP TREBOL_REMODELACION_2025_desenlazado,RYR DEMOLICIONES,0.0,1.2.6.1.3.2.1,6.1650000000000000,6.1650000000000000,m2,5,True,EJECUTADO,Pieza
Piezas,[M2] C / F3 / OC / DEMSUP / Demolición veredas,07-09-2026,1.0540000000000000,True,07-09-2026,3810555,3810555,FRENTE_3,MP TREBOL_REMODELACION_2025_desenlazado,RYR DEMOLICIONES,0.0,1.2.6.1.3.2.1,7.0289999999999999,7.0289999999999999,m2,3,True,EJECUTADO,Pieza
Piezas,[M2] C / F3 / OC / DEMSUP / Demolición veredas,21-09-2026,3.1170000000000000,True,21-09-2026,3810556,3810556,FRENTE_3,MP TREBOL_REMODELACION_2025_desenlazado,RYR DEMOLICIONES,0.0,1.2.6.1.3.2.1,20.780000000000001,20.780000000000001,m2,5,True,EJECUTADO,Pieza
Piezas,[M2] C / F3 / OC / DEMSUP / Demolición veredas,21-09-2026,3.9049999999999998,True,21-09-2026,3810558,3810558,FRENTE_3,MP TREBOL_REMODELACION_2025_desenlazado,RYR DEMOLICIONES,0.0,1.2.6.1.3.2.1,26.033999999999999,26.033999999999999,m2,5,True,EJECUTADO,Pieza
Piezas,[M2] C / F3 / OC / DEMSUP / Demolición veredas,29-09-2026,1.3089999999999999,True,29-09-2026,3810559,3810559,FRENTE_3,MP TREBOL_REMODELACION_2025_desenlazado,RYR DEMOLICIONES,0.0,1.2.6.1.3.2.1,8.7230000000000008,8.7230000000000008,m2,6,True,EJECUTADO,Pieza
Piezas,[M2] C / F3 / OC / DEMSUP / Demolición veredas,29-09-2026,1.1150000000000000,True,29-09-2026,3810560,3810560,FRENTE_3,MP TREBOL_REMODELACION_2025_desenlazado,RYR DEMOLICIONES,0.0,1.2.6.1.3.2.1,7.4299999999999997,7.4299999999999997,m2,6,True,EJECUTADO,Pieza
Piezas,[M2] C / F3 / OC / DEMSUP / Demolición veredas,25-09-2026,0.98899999999999999,True,25-09-2026,3810561,3810561,FRENTE_3,MP TREBOL_REMODELACION_2025_desenlazado,RYR DEMOLICIONES,0.0,1.2.6.1.3.2.1,6.5970000000000004,6.5970000000000004,m2,5,True,EJECUTADO,Pieza
Piezas,[M2] C / F3 / OC / DEMSUP / Demolición veredas,21-09-2026,2.996,True,21-09-2026,3810562,3810562,FRENTE_3,MP TREBOL_REMODELACION_2025_desenlazado,RYR DEMOLICIONES,0.0,1.2.6.1.3.2.1,19.972999999999999,19.972999999999999,m2,5,True,EJECUTADO,Pieza
Piezas,[M2] C / F3 / OC / DEMSUP / Demolición veredas,21-09-2026,1.9379999999999999,True,21-09-2026,3810563,3810563,FRENTE_3,MP TREBOL_REMODELACION_2025_desenlazado,RYR DEMOLICIONES,0.0,1.2.6.1.3.2.1,12.923000000000000,12.923000000000000,m2,5,True,EJECUTADO,Pieza
Piezas,[M2] C / F3 / OC / DEMSUP / Demolición veredas,14-09-2026,1.9890000000000001,True,14-09-2026,3810564,3810564,FRENTE_3,MP TREBOL_REMODELACION_2025_desenlazado,RYR DEMOLICIONES,0.0,1.2.6.1.3.2.1,13.260999999999999,13.260999999999999,m2,4,True,EJECUTADO,Pieza
Piezas,[M2] C / F3 / OC / DEMSUP / Demolición veredas,29-09-2026,3.4710000000000001,True,29-09-2026,3810565,3810565,FRENTE_3,MP TREBOL_REMODELACION_2025_desenlazado,RYR DEMOLICIONES,0.0,1.2.6.1.3.2.1,23.143000000000001,23.143000000000001,m2,6,True,EJECUTADO,Pieza
Piezas,[M2] C / F3 / OC / DEMSUP / Demolición veredas,07-09-2026,0.035999999999999997,True,07-09-2026,3810566,3810566,FRENTE_3,MP TREBOL_REMODELACION_2025_desenlazado,RYR DEMOLICIONES,0.0,1.2.6.1.3.2.1,0.24299999999999999,0.24299999999999999,m2,3,True,EJECUTADO,Pieza
Piezas,[M2] C / F3 / OC / DEMSUP / Demolición veredas,,0.29399999999999998,True,,3810567,3810567,FRENTE_3,MP TREBOL_REMODELACION_2025_desenlazado,RYR DEMOLICIONES,0.0,1.2.6.1.3.2.1,1.9630000000000001,1.9630000000000001,m2,6,False,PROGRAMADO,Pieza
Piezas,[M2] C / F3 / OC / DEMSUP / Demolición veredas,,2.7100000000000000,True,,3810568,3810568,FRENTE_3,MP TREBOL_REMODELACION_2025_desenlazado,RYR DEMOLICIONES,0.0,1.2.6.1.3.2.1,18.064000000000000,18.064000000000000,m2,6,False,PROGRAMADO,Pieza
Piezas,[M2] C / F3 / OC / DEMSUP / Demolición veredas,25-09-2026,1.4119999999999999,True,25-09-2026,3810569,3810569,FRENTE_3,MP TREBOL_REMODELACION_2025_desenlazado,RYR DEMOLICIONES,0.0,1.2.6.1.3.2.1,9.4139999999999997,9.4139999999999997,m2,5,True,EJECUTADO,Pieza
Piezas,[M2] C / F3 / OC / DEMSUP / Demolición veredas,29-09-2026,3.9700000000000002,True,29-09-2026,3810570,3810570,FRENTE_3,MP TREBOL_REMODELACION_2025_desenlazado,RYR DEMOLICIONES,0.0,1.2.6.1.3.2.1,26.463000000000001,26.463000000000001,m2,6,True,EJECUTADO,Pieza
Piezas,[M2] C / F3 / OC / DEMSUP / Demolición veredas,21-09-2026,1.3420000000000001,True,21-09-2026,3810571,3810571,FRENTE_3,MP TREBOL_REMODELACION_2025_desenlazado,RYR DEMOLICIONES,0.0,1.2.6.1.3.2.1,8.9469999999999992,8.9469999999999992,m2,5,True,EJECUTADO,Pieza
Piezas,[M2] C / F3 / OC / DEMSUP / Demolición veredas,,0.055,True,,3810572,3810572,FRENTE_3,MP TREBOL_REMODELACION_2025_desenlazado,RYR DEMOLICIONES,0.0,1.2.6.1.3.2.1,0.36499999999999999,0.36499999999999999,m2,6,False,PROGRAMADO,Pieza
Piezas,[M2] C / F3 / OC / DEMSUP / Demolición veredas,,0.66600000000000004,True,,3810573,3810573,FRENTE_3,MP TREBOL_REMODELACION_2025_desenlazado,RYR DEMOLICIONES,0.0,1.2.6.1.3.2.1,4.4379999999999997,4.4379999999999997,m2,6,False,PROGRAMADO,Pieza
Piezas,[M2] C / F3 / OC / DEMSUP / Demolición veredas,,1.3990000000000000,True,,3810575,3810575,FRENTE_3,MP TREBOL_REMODELACION_2025_desenlazado,RYR DEMOLICIONES,0.0,1.2.6.1.3.2.1,9.3260000000000005,9.3260000000000005,m2,6,False,PROGRAMADO,Pieza
Piezas,[M2] C / F3 / OC / DEMSUP / Demolición veredas,,0.68999999999999995,True,,3811075,3811075,FRENTE_3,MP TREBOL_REMODELACION_2025_desenlazado,RYR DEMOLICIONES,0.0,1.2.6.1.3.2.1,4.5970000000000004,4.5970000000000004,m2,Semana 01,False,General,Pieza
Piezas,[M2] C / F3 / OC / DEMSUP / Demolición veredas,,0.68999999999999995,True,,3811076,3811076,FRENTE_3,MP TREBOL_REMODELACION_2025_desenlazado,RYR DEMOLICIONES,0.0,1.2.6.1.3.2.1,4.5970000000000004,4.5970000000000004,m2,Semana 01,False,General,Pieza
Piezas,[M2] C / F3 / OC / DEMSUP / Demolición veredas,,0.68799999999999994,True,,3811077,3811077,FRENTE_3,MP TREBOL_REMODELACION_2025_desenlazado,RYR DEMOLICIONES,0.0,1.2.6.1.3.2.1,4.5869999999999997,4.5869999999999997,m2,Semana 01,False,General,Pieza
Piezas,[M2] C / F3 / OC / DEMSUP / Demolición veredas,,0.68600000000000005,True,,3811078,3811078,FRENTE_3,MP TREBOL_REMODELACION_2025_desenlazado,RYR DEMOLICIONES,0.0,1.2.6.1.3.2.1,4.5750000000000002,4.5750000000000002,m2,Semana 01,False,General,Pieza
Piezas,[M2] C / F3 / OC / DEMSUP / Demolición veredas,,7.4500000000000002,True,,3811079,3811079,FRENTE_3,MP TREBOL_REMODELACION_2025_desenlazado,RYR DEMOLICIONES,0.0,1.2.6.1.3.2.1,49.664999999999999,49.664999999999999,m2,Semana 01,False,General,Pieza
Piezas,[M2] C / F3 / OC / DEMSUP / Demolición veredas,,4.6779999999999999,True,,3811080,3811080,FRENTE_3,MP TREBOL_REMODELACION_2025_desenlazado,RYR DEMOLICIONES,0.0,1.2.6.1.3.2.1,31.189000000000000,31.189000000000000,m2,Semana 01,False,General,Pieza
Piezas,[M2] C / F3 / OC / DEMSUP / Demolición veredas,,4.0640000000000001,True,,3811081,3811081,FRENTE_3,MP TREBOL_REMODELACION_2025_desenlazado,RYR DEMOLICIONES,0.0,1.2.6.1.3.2.1,27.091999999999999,27.091999999999999,m2,Semana 01,False,General,Pieza
Piezas,[M2] C / F3 / OC / DEMSUP / Demolición jardinería,,0.069000000000000006,True,,3811150,3811150,FRENTE_3,MP TREBOL_REMODELACION_2025_desenlazado,RYR DEMOLICIONES,0.53100000000000003,1.2.6.1.3.2.2,0.34499999999999997,0.34499999999999997,m2,2,False,PROGRAMADO,Pieza
Piezas,[M2] C / F3 / OC / DEMSUP / Demolición jardinería,,0.13100000000000001,True,,3811151,3811151,FRENTE_3,MP TREBOL_REMODELACION_2025_desenlazado,RYR DEMOLICIONES,0.91700000000000004,1.2.6.1.3.2.2,0.65400000000000003,0.65400000000000003,m2,2,False,PROGRAMADO,Pieza
Piezas,[M2] C / F3 / OC / DEMSUP / Demolición jardinería,,1.4210000000000000,True,,3811152,3811152,FRENTE_3,MP TREBOL_REMODELACION_2025_desenlazado,RYR DEMOLICIONES,9.0790000000000006,1.2.6.1.3.2.2,7.1029999999999998,7.1029999999999998,m2,Semana 01,False,General,Pieza
Piezas,[M2] C / F3 / OC / DEMSUP / Demolición jardinería,,0.46800000000000003,True,,3811153,3811153,FRENTE_3,MP TREBOL_REMODELACION_2025_desenlazado,RYR DEMOLICIONES,3.1240000000000001,1.2.6.1.3.2.2,2.3390000000000000,2.3390000000000000,m2,Semana 01,False,General,Pieza
Piezas,[M2] C / F3 / OC / DEMSUP / Demolición jardinería,,0.51400000000000001,True,,3811154,3811154,FRENTE_3,MP TREBOL_REMODELACION_2025_desenlazado,RYR DEMOLICIONES,3.4119999999999999,1.2.6.1.3.2.2,2.5699999999999998,2.5699999999999998,m2,Semana 01,False,General,Pieza
Piezas,[M2] C / F3 / OC / DEMSUP / Demolición jardinería,,0.56999999999999995,True,,3811155,3811155,FRENTE_3,MP TREBOL_REMODELACION_2025_desenlazado,RYR DEMOLICIONES,3.6610000000000000,1.2.6.1.3.2.2,2.8490000000000002,2.8490000000000002,m2,Semana 01,False,General,Pieza
Piezas,[M2] C / F3 / OC / DEMSUP / Demolición jardinería,,2.7719999999999998,True,,3811156,3811156,FRENTE_3,MP TREBOL_REMODELACION_2025_desenlazado,RYR DEMOLICIONES,17.524000000000001,1.2.6.1.3.2.2,13.859000000000000,13.859000000000000,m2,Semana 01,False,General,Pieza
Piezas,[M2] C / F3 / OC / DEMSUP / Demolición jardinería,,0.17000000000000001,True,,3811157,3811157,FRENTE_3,MP TREBOL_REMODELACION_2025_desenlazado,RYR DEMOLICIONES,1.2600000000000000,1.2.6.1.3.2.2,0.84799999999999998,0.84799999999999998,m2,Semana 01,False,General,Pieza
Piezas,[M2] C / F3 / OC / DEMSUP / Demolición jardinería,,0.89900000000000002,True,,3811158,3811158,FRENTE_3,MP TREBOL_REMODELACION_2025_desenlazado,RYR DEMOLICIONES,5.8179999999999996,1.2.6.1.3.2.2,4.4950000000000001,4.4950000000000001,m2,Semana 01,False,General,Pieza
Piezas,[M2] C / F3 / OC / DEMSUP / Demolición jardinería,,0.59999999999999998,True,,3811159,3811159,FRENTE_3,MP TREBOL_REMODELACION_2025_desenlazado,RYR DEMOLICIONES,3.8510000000000000,1.2.6.1.3.2.2,3.0009999999999999,3.0009999999999999,m2,Semana 01,False,General,Pieza
Piezas,[M2] C / F3 / OC / DEMSUP / Demolición jardinería,15-09-2926,0.68100000000000005,True,15-09-2926,3811160,3811160,FRENTE_3,MP TREBOL_REMODELACION_2025_desenlazado,RYR DEMOLICIONES,4.3579999999999997,1.2.6.1.3.2.2,3.4060000000000001,3.4060000000000001,m2,5,True,EJECUTADO,Pieza
Piezas,[M2] C / F3 / OC / DEMSUP / Demolición jardinería,15-09-2926,4.1410000000000000,True,15-09-2926,3811161,3811161,FRENTE_3,MP TREBOL_REMODELACION_2025_desenlazado,RYR DEMOLICIONES,26.079999999999998,1.2.6.1.3.2.2,20.704000000000001,20.704000000000001,m2,5,True,EJECUTADO,Pieza
Piezas,[M2] C / F3 / OC / DEMSUP / Demolición jardinería,15-09-2926,0.40100000000000002,True,15-09-2926,3811162,3811162,FRENTE_3,MP TREBOL_REMODELACION_2025_desenlazado,RYR DEMOLICIONES,2.6070000000000002,1.2.6.1.3.2.2,2.0059999999999998,2.0059999999999998,m2,5,True,EJECUTADO,Pieza
Piezas,[M2] C / F3 / OC / DEMSUP / Demolición veredas,,1.7909999999999999,True,,3811406,3811406,FRENTE_3,MP TREBOL_REMODELACION_2025_desenlazado,RYR DEMOLICIONES,0.0,1.2.6.1.3.2.1,11.943000000000000,11.943000000000000,m2,Semana 01,False,General,Pieza
Piezas,[M2] C / F3 / OC / DEMSUP / Demolición veredas,,188.84299999999999,True,,3811407,3811407,FRENTE_3,MP TREBOL_REMODELACION_2025_desenlazado,RYR DEMOLICIONES,0.0,1.2.6.1.3.2.1,1258.9549999999999,1258.9549999999999,m2,Semana 01,False,General,Pieza
Piezas,[M2] C / F3 / OC / DEMSUP / Demolición veredas,,2.2620000000000000,True,,3811409,3811409,FRENTE_3,MP TREBOL_REMODELACION_2025_desenlazado,RYR DEMOLICIONES,0.0,1.2.6.1.3.2.1,15.077999999999999,15.077999999999999,m2,Semana 01,False,General,Pieza
Piezas,[M2] C / / F3 / OC / DEMCUB / Demolición alero Falabella lado Norte,21-09-2026,0.84699999999999998,True,21-09-2026,3814286,3814286,FRENTE_3,MP TREBOL_REMODELACION_2025_desenlazado,RYR DEMOLICIONES,0.0,1.2.6.1.4.2,3.3870000000000000,3.3870000000000000,m2,5,True,EJECUTADO,Pieza
Piezas,[M2] C / / F3 / OC / DEMCUB / Demolición alero Falabella lado Norte,21-09-2026,4.2919999999999998,True,21-09-2026,3814287,3814287,FRENTE_3,MP TREBOL_REMODELACION_2025_desenlazado,RYR DEMOLICIONES,0.0,1.2.6.1.4.2,17.169000000000000,17.169000000000000,m2,5,True,EJECUTADO,Pieza
Piezas,[M2] C / / F3 / OC / DEMCUB / Demolición alero Falabella lado Norte,21-09-2026,0.67000000000000004,True,21-09-2026,3814288,3814288,FRENTE_3,MP TREBOL_REMODELACION_2025_desenlazado,RYR DEMOLICIONES,0.73099999999999998,1.2.6.1.4.2,2.6810000000000000,2.6810000000000000,m2,5,True,EJECUTADO,Pieza
Piezas,[M2] C / / F3 / OC / DEMCUB / Demolición alero Falabella lado Norte,21-09-2026,1.1040000000000001,True,21-09-2026,3814289,3814289,FRENTE_3,MP TREBOL_REMODELACION_2025_desenlazado,RYR DEMOLICIONES,0.0,1.2.6.1.4.2,4.4160000000000004,4.4160000000000004,m2,5,True,EJECUTADO,Pieza
Piezas,[M2] C / / F3 / OC / DEMCUB / Demolición alero Falabella lado Norte,21-09-2026,1.252,True,21-09-2026,3814290,3814290,FRENTE_3,MP TREBOL_REMODELACION_2025_desenlazado,RYR DEMOLICIONES,1.3069999999999999,1.2.6.1.4.2,5.0099999999999998,5.0099999999999998,m2,5,True,EJECUTADO,Pieza
Piezas,[M2] C / / F3 / OC / DEMCUB / Demolición alero Falabella lado Norte,,0.60599999999999998,True,,3814291,3814291,FRENTE_3,MP TREBOL_REMODELACION_2025_desenlazado,RYR DEMOLICIONES,0.0,1.2.6.1.4.2,2.4220000000000002,2.4220000000000002,m2,6,False,PROGRAMADO,Pieza
Piezas,[M2] C / / F3 / OC / DEMCUB / Demolición alero Falabella lado Norte,,0.81699999999999995,True,,3814292,3814292,FRENTE_3,MP TREBOL_REMODELACION_2025_desenlazado,RYR DEMOLICIONES,0.84799999999999998,1.2.6.1.4.2,3.2669999999999999,3.2669999999999999,m2,6,False,PROGRAMADO,Pieza
Piezas,[M2] C / / F3 / OC / DEMCUB / Demolición alero Falabella lado Norte,,0.81999999999999995,True,,3814293,3814293,FRENTE_3,MP TREBOL_REMODELACION_2025_desenlazado,RYR DEMOLICIONES,0.85699999999999998,1.2.6.1.4.2,3.2780000000000000,3.2780000000000000,m2,6,False,PROGRAMADO,Pieza
Piezas,[M2] C / / F3 / OC / DEMCUB / Demolición alero Falabella lado Norte,,0.60599999999999998,True,,3814294,3814294,FRENTE_3,MP TREBOL_REMODELACION_2025_desenlazado,RYR DEMOLICIONES,0.0,1.2.6.1.4.2,2.4230000000000000,2.4230000000000000,m2,6,False,PROGRAMADO,Pieza
Piezas,[M2] C / / F3 / OC / DEMCUB / Demolición alero Falabella lado Norte,,0.60499999999999998,True,,3814295,3814295,FRENTE_3,MP TREBOL_REMODELACION_2025_desenlazado,RYR DEMOLICIONES,0.63600000000000001,1.2.6.1.4.2,2.4180000000000001,2.4180000000000001,m2,6,False,PROGRAMADO,Pieza
Piezas,[M2] C / / F3 / OC / DEMCUB / Demolición alero Falabella lado Norte,,1.1140000000000001,True,,3814296,3814296,FRENTE_3,MP TREBOL_REMODELACION_2025_desenlazado,RYR DEMOLICIONES,0.0,1.2.6.1.4.2,4.4560000000000004,4.4560000000000004,m2,6,False,PROGRAMADO,Pieza
Piezas,[M2] C / / F3 / OC / DEMCUB / Demolición alero Falabella lado Norte,,0.60699999999999998,True,,3814297,3814297,FRENTE_3,MP TREBOL_REMODELACION_2025_desenlazado,RYR DEMOLICIONES,0.64500000000000002,1.2.6.1.4.2,2.4270000000000000,2.4270000000000000,m2,6,False,PROGRAMADO,Pieza
Piezas,[M2] C / / F3 / OC / DEMCUB / Demolición alero Falabella lado Norte,,0.60799999999999998,True,,3814298,3814298,FRENTE_3,MP TREBOL_REMODELACION_2025_desenlazado,RYR DEMOLICIONES,0.0,1.2.6.1.4.2,2.4300000000000002,2.4300000000000002,m2,6,False,PROGRAMADO,Pieza
Piezas,[M2] C / / F3 / OC / DEMCUB / Demolición alero Falabella lado Norte,21-09-2026,1.5,True,21-09-2026,3814301,3814301,FRENTE_3,MP TREBOL_REMODELACION_2025_desenlazado,RYR DEMOLICIONES,0.0,1.2.6.1.4.2,14.994999999999999,14.994999999999999,m2,5,True,EJECUTADO,Pieza
Piezas,[M2] C / / F3 / OC / DEMCUB / Demolición alero Falabella lado Sur,,0.73199999999999998,True,,3814328,3814328,FRENTE_3,MP TREBOL_REMODELACION_2025_desenlazado,RYR DEMOLICIONES,0.55100000000000005,1.2.6.1.4.3,2.9260000000000002,2.9260000000000002,m2,Semana 01,False,General,Pieza
Piezas,[M2] C / / F3 / OC / DEMCUB / Demolición alero Falabella lado Sur,,0.80500000000000005,True,,3814329,3814329,FRENTE_3,MP TREBOL_REMODELACION_2025_desenlazado,RYR DEMOLICIONES,0.59799999999999998,1.2.6.1.4.3,3.2200000000000002,3.2200000000000002,m2,Semana 01,False,General,Pieza
Piezas,[M2] C / / F3 / OC / DEMCUB / Demolición alero Falabella lado Sur,,3.1629999999999998,True,,3814330,3814330,FRENTE_3,MP TREBOL_REMODELACION_2025_desenlazado,RYR DEMOLICIONES,8.4350000000000005,1.2.6.1.4.3,12.653000000000000,12.653000000000000,m2,Semana 01,False,General,Pieza
Piezas,[M2] C / / F3 / OC / DEMCUB / Demolición alero Falabella lado Sur,,15.452999999999999,True,,3814331,3814331,FRENTE_3,MP TREBOL_REMODELACION_2025_desenlazado,RYR DEMOLICIONES,0.0,1.2.6.1.4.3,61.811000000000000,61.811000000000000,m2,Semana 01,False,General,Pieza
Piezas,[M2] C / / F3 / OC / DEMCUB / Demolición alero Falabella lado Sur,,0.82199999999999995,True,,3814332,3814332,FRENTE_3,MP TREBOL_REMODELACION_2025_desenlazado,RYR DEMOLICIONES,0.877,1.2.6.1.4.3,3.2869999999999999,3.2869999999999999,m2,Semana 01,False,General,Pieza
Piezas,[M2] C / / F3 / OC / DEMCUB / Demolición alero Falabella lado Sur,,1.7410000000000001,True,,3814333,3814333,FRENTE_3,MP TREBOL_REMODELACION_2025_desenlazado,RYR DEMOLICIONES,0.0,1.2.6.1.4.3,6.9660000000000002,6.9660000000000002,m2,Semana 01,False,General,Pieza
Piezas,[M2] C / / F3 / OC / DEMCUB / Demolición alero Falabella lado Sur,,1.3810000000000000,True,,3814334,3814334,FRENTE_3,MP TREBOL_REMODELACION_2025_desenlazado,RYR DEMOLICIONES,0.0,1.2.6.1.4.3,5.5229999999999997,5.5229999999999997,m2,Semana 01,False,General,Pieza
Piezas,[M2] C / / F3 / OC / DEMCUB / Demolición alero Falabella lado Sur,,0.84599999999999997,True,,3814335,3814335,FRENTE_3,MP TREBOL_REMODELACION_2025_desenlazado,RYR DEMOLICIONES,0.90100000000000002,1.2.6.1.4.3,3.3830000000000000,3.3830000000000000,m2,Semana 01,False,General,Pieza
Piezas,[M2] C / / F3 / OC / DEMCUB / Demolición alero Falabella lado Sur,,0.313,True,,3814336,3814336,FRENTE_3,MP TREBOL_REMODELACION_2025_desenlazado,RYR DEMOLICIONES,0.35099999999999998,1.2.6.1.4.3,1.2529999999999999,1.2529999999999999,m2,Semana 01,False,General,Pieza
Piezas,[M2] C / / F3 / OC / DEMCUB / Demolición alero Falabella lado Sur,,0.312,True,,3814337,3814337,FRENTE_3,MP TREBOL_REMODELACION_2025_desenlazado,RYR DEMOLICIONES,0.34300000000000003,1.2.6.1.4.3,1.2490000000000001,1.2490000000000001,m2,Semana 01,False,General,Pieza
Piezas,[M2] C / / F3 / OC / DEMCUB / Demolición alero Falabella lado Sur,,1.1100000000000001,True,,3814338,3814338,FRENTE_3,MP TREBOL_REMODELACION_2025_desenlazado,RYR DEMOLICIONES,0.0,1.2.6.1.4.3,4.4409999999999998,4.4409999999999998,m2,Semana 01,False,General,Pieza
Piezas,[M2] C / / F3 / OC / DEMCUB / Demolición alero Falabella lado Sur,,1.1110000000000000,True,,3814339,3814339,FRENTE_3,MP TREBOL_REMODELACION_2025_desenlazado,RYR DEMOLICIONES,0.0,1.2.6.1.4.3,4.4420000000000002,4.4420000000000002,m2,Semana 01,False,General,Pieza
Piezas,[M2] C / / F3 / OC / DEMCUB / Demolición alero Falabella lado Sur,,0.85799999999999998,True,,3814340,3814340,FRENTE_3,MP TREBOL_REMODELACION_2025_desenlazado,RYR DEMOLICIONES,0.0,1.2.6.1.4.3,3.4310000000000000,3.4310000000000000,m2,Semana 01,False,General,Pieza
Piezas,[M2] C / / F3 / OC / DEMCUB / Demolición alero Falabella lado Sur,,0.56399999999999995,True,,3814341,3814341,FRENTE_3,MP TREBOL_REMODELACION_2025_desenlazado,RYR DEMOLICIONES,0.59499999999999997,1.2.6.1.4.3,2.2559999999999998,2.2559999999999998,m2,Semana 01,False,General,Pieza
Piezas,[M2] C / / F3 / OC / DEMCUB / Demolición alero Falabella lado Sur,,0.85699999999999998,True,,3814342,3814342,FRENTE_3,MP TREBOL_REMODELACION_2025_desenlazado,RYR DEMOLICIONES,0.0,1.2.6.1.4.3,3.4279999999999999,3.4279999999999999,m2,Semana 01,False,General,Pieza
Piezas,[M2] C / / F3 / OC / DEMCUB / Demolición alero Falabella lado Sur,,0.56599999999999995,True,,3814343,3814343,FRENTE_3,MP TREBOL_REMODELACION_2025_desenlazado,RYR DEMOLICIONES,0.60399999999999998,1.2.6.1.4.3,2.2650000000000001,2.2650000000000001,m2,Semana 01,False,General,Pieza
Piezas,[M2] C / / F3 / OC / DEMCUB / Demolición alero Falabella lado Sur,,6.1840000000000002,True,,3814345,3814345,FRENTE_3,MP TREBOL_REMODELACION_2025_desenlazado,RYR DEMOLICIONES,0.0,1.2.6.1.4.3,61.843000000000004,61.843000000000004,m2,Semana 01,False,General,Pieza
Piezas,[M2] C / / F3 / OC / DEMCUB / Demolición alero Falabella lado Norte,,3.8399999999999999,True,,3814464,3814464,FRENTE_3,MP TREBOL_REMODELACION_2025_desenlazado,RYR DEMOLICIONES,0.0,1.2.6.1.4.2,38.402999999999999,38.402999999999999,m2,6,False,PROGRAMADO,Pieza
Piezas,[M2] C / / F3 / OC / DEMCUB / Demolición alero Falabella lado Norte,,7.0259999999999998,True,,3814917,3814917,FRENTE_3,MP TREBOL_REMODELACION_2025_desenlazado,RYR DEMOLICIONES,0.0,1.2.6.1.4.2,28.103000000000002,28.103000000000002,m2,6,False,PROGRAMADO,Pieza
Piezas,[M2] C / F3 / OC / DEMSUP / Demolición veredas,29-09-2026,4.5140000000000002,True,29-09-2026,3815655,3815655,FRENTE_3,MP TREBOL_REMODELACION_2025_desenlazado,RYR DEMOLICIONES,0.0,1.2.6.1.3.2.1,30.091000000000001,30.091000000000001,m2,6,True,EJECUTADO,Pieza
Piezas,[M2] C / F3 / OC / DEMSUP / Demolición veredas,,0.189,True,,3815831,3815831,FRENTE_3,MP TREBOL_REMODELACION_2025_desenlazado,RYR DEMOLICIONES,0.0,1.2.6.1.3.2.1,1.2629999999999999,1.2629999999999999,m2,6,False,PROGRAMADO,Pieza
Piezas,[M2] C / F3 / OC / DEMSUP / Demolición veredas,29-09-2026,1.5429999999999999,True,29-09-2026,3815832,3815832,FRENTE_3,MP TREBOL_REMODELACION_2025_desenlazado,RYR DEMOLICIONES,0.0,1.2.6.1.3.2.1,10.284000000000001,10.284000000000001,m2,6,True,EJECUTADO,Pieza
Piezas,[M2] C / F3 / OC / DEMSUP / Demolición veredas,,0.16700000000000001,True,,3815993,3815993,FRENTE_3,MP TREBOL_REMODELACION_2025_desenlazado,RYR DEMOLICIONES,0.0,1.2.6.1.3.2.1,1.1110000000000000,1.1110000000000000,m2,6,False,PROGRAMADO,Pieza
Piezas,[M2] C / F3 / OC / DEMSUP / Demolición veredas,,0.13400000000000001,True,,3815994,3815994,FRENTE_3,MP TREBOL_REMODELACION_2025_desenlazado,RYR DEMOLICIONES,0.0,1.2.6.1.3.2.1,0.89200000000000002,0.89200000000000002,m2,6,False,PROGRAMADO,Pieza
Piezas,[M2] C / F3 / OC / DEMSUP / Demolición veredas,,0.32200000000000001,True,,3815995,3815995,FRENTE_3,MP TREBOL_REMODELACION_2025_desenlazado,RYR DEMOLICIONES,0.0,1.2.6.1.3.2.1,2.1469999999999998,2.1469999999999998,m2,6,False,PROGRAMADO,Pieza
Piezas,[M2] C / F3 / OC / DEMSUP / Demolición veredas,29-09-2026,1.6259999999999999,True,29-09-2026,3815996,3815996,FRENTE_3,MP TREBOL_REMODELACION_2025_desenlazado,RYR DEMOLICIONES,0.0,1.2.6.1.3.2.1,10.843000000000000,10.843000000000000,m2,6,True,EJECUTADO,Pieza
Piezas,[M2] C / F3 / OC / DEMSUP / Demolición veredas,29-09-2026,1.5830000000000000,True,29-09-2026,3815997,3815997,FRENTE_3,MP TREBOL_REMODELACION_2025_desenlazado,RYR DEMOLICIONES,0.0,1.2.6.1.3.2.1,10.555000000000000,10.555000000000000,m2,6,True,EJECUTADO,Pieza
Piezas,[M2] C / F3 / OC / DEMSUP / Demolición veredas,29-09-2026,0.88200000000000001,True,29-09-2026,3815998,3815998,FRENTE_3,MP TREBOL_REMODELACION_2025_desenlazado,RYR DEMOLICIONES,0.0,1.2.6.1.3.2.1,5.8799999999999999,5.8799999999999999,m2,6,True,EJECUTADO,Pieza
Piezas,[M2] C / F3 / OC / DEMSUP / Demolición veredas,,2.0560000000000000,True,,3816252,3816252,FRENTE_3,MP TREBOL_REMODELACION_2025_desenlazado,RYR DEMOLICIONES,0.0,1.2.6.1.3.2.1,13.708000000000000,13.708000000000000,m2,Semana 01,False,General,Pieza
Piezas,[M2] C / F3 / OC / DEMSUP / Demolición veredas,,0.751,True,,3816253,3816253,FRENTE_3,MP TREBOL_REMODELACION_2025_desenlazado,RYR DEMOLICIONES,0.0,1.2.6.1.3.2.1,5.0039999999999996,5.0039999999999996,m2,Semana 01,False,General,Pieza
Piezas,[M2] C / F3 / OC / DEMSUP / Demolición veredas,,19.285000000000000,True,,3816254,3816254,FRENTE_3,MP TREBOL_REMODELACION_2025_desenlazado,RYR DEMOLICIONES,0.0,1.2.6.1.3.2.1,128.56399999999999,128.56399999999999,m2,Semana 01,False,General,Pieza
Piezas,[M2] C / F3 / OC / DEMSUP / Demolición veredas,,8.7989999999999995,True,,3816255,3816255,FRENTE_3,MP TREBOL_REMODELACION_2025_desenlazado,RYR DEMOLICIONES,0.0,1.2.6.1.3.2.1,58.661999999999999,58.661999999999999,m2,Semana 01,False,General,Pieza
Piezas,[M2] C / F3 / OC / DEMSUP / Demolición veredas,02-10-2026,2.3380000000000001,True,02-10-2026,3816256,3816256,FRENTE_3,MP TREBOL_REMODELACION_2025_desenlazado,RYR DEMOLICIONES,0.0,1.2.6.1.3.2.1,15.584000000000000,15.584000000000000,m2,6,True,EJECUTADO,Pieza
Piezas,[M2] C / F3 / OC / DEMSUP / Demolición veredas,02-10-2026,0.27000000000000002,True,02-10-2026,3816257,3816257,FRENTE_3,MP TREBOL_REMODELACION_2025_desenlazado,RYR DEMOLICIONES,0.0,1.2.6.1.3.2.1,1.8000000000000000,1.8000000000000000,m2,6,True,EJECUTADO,Pieza
Piezas,[M2] C / F3 / OC / DEMSUP / Demolición veredas,02-10-2026,3.4079999999999999,True,02-10-2026,3816258,3816258,FRENTE_3,MP TREBOL_REMODELACION_2025_desenlazado,RYR DEMOLICIONES,0.0,1.2.6.1.3.2.1,22.719999999999999,22.719999999999999,m2,6,True,EJECUTADO,Pieza
Piezas,[M2] C / F3 / OC / DEMSUP / Demolición veredas,,3.5430000000000001,True,,3816259,3816259,FRENTE_3,MP TREBOL_REMODELACION_2025_desenlazado,RYR DEMOLICIONES,0.0,1.2.6.1.3.2.1,23.617999999999999,23.617999999999999,m2,Semana 01,False,General,Pieza
